{
  "type": "FeatureCollection",
  "metadata": {
    "title": "ThermalWatch AI \u2014 Real-Time India Thermal Hotspot Feed",
    "generated_at": "2026-08-30 06:11:40 UTC",
    "total_features": 500,
    "classes": [
      "Wildfire",
      "Agricultural",
      "Industrial Persistent",
      "Gas Flare",
      "Accidental Fire"
    ]
  },
  "features": [
    {
      "type": "Feature",
      "geometry": {
        "type": "Point",
        "coordinates": [
          95.47477,
          27.45927
        ]
      },
      "properties": {
        "id": "HW-1000",
        "latitude": 27.45927,
        "longitude": 95.47477,
        "frp_mw": 0.63,
        "class_id": 3,
        "class_name": "Gas Flare",
        "color": "#8b5cf6",
        "confidence": 100.0,
        "is_accidental": false,
        "elevation_m": 130.0,
        "tropomi_no2": 6.331676310163203e-05,
        "tropomi_so2": 0.000140503805622,
        "timestamp": "2024-01-15"
      }
    },
    {
      "type": "Feature",
      "geometry": {
        "type": "Point",
        "coordinates": [
          82.30065,
          22.36136
        ]
      },
      "properties": {
        "id": "HW-1001",
        "latitude": 22.36136,
        "longitude": 82.30065,
        "frp_mw": 7.38,
        "class_id": 0,
        "class_name": "Wildfire",
        "color": "#10b981",
        "confidence": 100.0,
        "is_accidental": false,
        "elevation_m": 317.0,
        "tropomi_no2": 0.000120881901276,
        "tropomi_so2": 0.0003728432976511,
        "timestamp": "2024-09-30"
      }
    },
    {
      "type": "Feature",
      "geometry": {
        "type": "Point",
        "coordinates": [
          95.47489,
          27.45892
        ]
      },
      "properties": {
        "id": "HW-1002",
        "latitude": 27.45892,
        "longitude": 95.47489,
        "frp_mw": 0.72,
        "class_id": 3,
        "class_name": "Gas Flare",
        "color": "#8b5cf6",
        "confidence": 100.0,
        "is_accidental": false,
        "elevation_m": 131.0,
        "tropomi_no2": 6.331676310163203e-05,
        "tropomi_so2": 0.000140503805622,
        "timestamp": "2024-01-09"
      }
    },
    {
      "type": "Feature",
      "geometry": {
        "type": "Point",
        "coordinates": [
          81.49415,
          21.81847
        ]
      },
      "properties": {
        "id": "HW-1003",
        "latitude": 21.81847,
        "longitude": 81.49415,
        "frp_mw": 9.61,
        "class_id": 1,
        "class_name": "Agricultural",
        "color": "#eab308",
        "confidence": 100.0,
        "is_accidental": false,
        "elevation_m": 282.0,
        "tropomi_no2": 8.177103526541663e-05,
        "tropomi_so2": 0.0002423256180697,
        "timestamp": "2024-04-18"
      }
    },
    {
      "type": "Feature",
      "geometry": {
        "type": "Point",
        "coordinates": [
          82.59258,
          22.32376
        ]
      },
      "properties": {
        "id": "HW-1004",
        "latitude": 22.32376,
        "longitude": 82.59258,
        "frp_mw": 1.26,
        "class_id": 1,
        "class_name": "Agricultural",
        "color": "#eab308",
        "confidence": 100.0,
        "is_accidental": false,
        "elevation_m": 310.0,
        "tropomi_no2": 0.0002025060476472,
        "tropomi_so2": 0.0006226993098453,
        "timestamp": "2024-11-18"
      }
    },
    {
      "type": "Feature",
      "geometry": {
        "type": "Point",
        "coordinates": [
          95.08759,
          27.37855
        ]
      },
      "properties": {
        "id": "HW-1005",
        "latitude": 27.37855,
        "longitude": 95.08759,
        "frp_mw": 0.52,
        "class_id": 3,
        "class_name": "Gas Flare",
        "color": "#8b5cf6",
        "confidence": 100.0,
        "is_accidental": false,
        "elevation_m": 107.0,
        "tropomi_no2": 6.280089004844842e-05,
        "tropomi_so2": 0.0001656060707138,
        "timestamp": "2024-06-02"
      }
    },
    {
      "type": "Feature",
      "geometry": {
        "type": "Point",
        "coordinates": [
          93.77449,
          26.58401
        ]
      },
      "properties": {
        "id": "HW-1006",
        "latitude": 26.58401,
        "longitude": 93.77449,
        "frp_mw": 1.36,
        "class_id": 3,
        "class_name": "Gas Flare",
        "color": "#8b5cf6",
        "confidence": 100.0,
        "is_accidental": false,
        "elevation_m": 97.0,
        "tropomi_no2": 6.681936679695176e-05,
        "tropomi_so2": 0.0001326438766363,
        "timestamp": "2024-02-01"
      }
    },
    {
      "type": "Feature",
      "geometry": {
        "type": "Point",
        "coordinates": [
          77.31172,
          24.93402
        ]
      },
      "properties": {
        "id": "HW-1007",
        "latitude": 24.93402,
        "longitude": 77.31172,
        "frp_mw": 2.8,
        "class_id": 1,
        "class_name": "Agricultural",
        "color": "#eab308",
        "confidence": 100.0,
        "is_accidental": false,
        "elevation_m": 392.0,
        "tropomi_no2": 7.046174951152904e-05,
        "tropomi_so2": 0.0001147611928303,
        "timestamp": "2024-04-03"
      }
    },
    {
      "type": "Feature",
      "geometry": {
        "type": "Point",
        "coordinates": [
          77.97144,
          10.20875
        ]
      },
      "properties": {
        "id": "HW-1008",
        "latitude": 10.20875,
        "longitude": 77.97144,
        "frp_mw": 1.47,
        "class_id": 0,
        "class_name": "Wildfire",
        "color": "#10b981",
        "confidence": 100.0,
        "is_accidental": false,
        "elevation_m": 1210.0,
        "tropomi_no2": 5.405392254952821e-05,
        "tropomi_so2": 4.550693119155817e-05,
        "timestamp": "2024-03-10"
      }
    },
    {
      "type": "Feature",
      "geometry": {
        "type": "Point",
        "coordinates": [
          80.28664,
          13.15988
        ]
      },
      "properties": {
        "id": "HW-1009",
        "latitude": 13.15988,
        "longitude": 80.28664,
        "frp_mw": 15.19,
        "class_id": 4,
        "class_name": "Accidental Fire",
        "color": "#ef4444",
        "confidence": 87.6,
        "is_accidental": true,
        "elevation_m": 4.0,
        "tropomi_no2": 9.206465937089682e-05,
        "tropomi_so2": 0.0001512418036337,
        "timestamp": "2024-09-11"
      }
    },
    {
      "type": "Feature",
      "geometry": {
        "type": "Point",
        "coordinates": [
          79.92552,
          22.24661
        ]
      },
      "properties": {
        "id": "HW-1010",
        "latitude": 22.24661,
        "longitude": 79.92552,
        "frp_mw": 10.53,
        "class_id": 0,
        "class_name": "Wildfire",
        "color": "#10b981",
        "confidence": 100.0,
        "is_accidental": false,
        "elevation_m": 498.0,
        "tropomi_no2": 6.761541064581189e-05,
        "tropomi_so2": 0.0001502420497855,
        "timestamp": "2024-04-05"
      }
    },
    {
      "type": "Feature",
      "geometry": {
        "type": "Point",
        "coordinates": [
          79.7176,
          12.1103
        ]
      },
      "properties": {
        "id": "HW-1011",
        "latitude": 12.1103,
        "longitude": 79.7176,
        "frp_mw": 10.9,
        "class_id": 1,
        "class_name": "Agricultural",
        "color": "#eab308",
        "confidence": 100.0,
        "is_accidental": false,
        "elevation_m": 22.0,
        "tropomi_no2": 5.724144387725944e-05,
        "tropomi_so2": 7.715386037268283e-05,
        "timestamp": "2024-10-02"
      }
    },
    {
      "type": "Feature",
      "geometry": {
        "type": "Point",
        "coordinates": [
          87.2417,
          23.5609
        ]
      },
      "properties": {
        "id": "HW-1012",
        "latitude": 23.5609,
        "longitude": 87.2417,
        "frp_mw": 20.0,
        "class_id": 4,
        "class_name": "Accidental Fire",
        "color": "#ef4444",
        "confidence": 98.2,
        "is_accidental": true,
        "elevation_m": 87.0,
        "tropomi_no2": 0.0002077253505553,
        "tropomi_so2": 0.0003591989723347,
        "timestamp": "2024-10-03"
      }
    },
    {
      "type": "Feature",
      "geometry": {
        "type": "Point",
        "coordinates": [
          93.18,
          25.06
        ]
      },
      "properties": {
        "id": "HW-1013",
        "latitude": 25.06,
        "longitude": 93.18,
        "frp_mw": 16.93,
        "class_id": 0,
        "class_name": "Wildfire",
        "color": "#10b981",
        "confidence": 100.0,
        "is_accidental": false,
        "elevation_m": 171.0,
        "tropomi_no2": 5.508071587284116e-05,
        "tropomi_so2": 7.58885041226992e-05,
        "timestamp": "2024-04-13"
      }
    },
    {
      "type": "Feature",
      "geometry": {
        "type": "Point",
        "coordinates": [
          93.95095,
          26.08555
        ]
      },
      "properties": {
        "id": "HW-1014",
        "latitude": 26.08555,
        "longitude": 93.95095,
        "frp_mw": 0.28,
        "class_id": 3,
        "class_name": "Gas Flare",
        "color": "#8b5cf6",
        "confidence": 100.0,
        "is_accidental": false,
        "elevation_m": 130.0,
        "tropomi_no2": 5.979254695970745e-05,
        "tropomi_so2": 7.22382315816426e-05,
        "timestamp": "2024-03-16"
      }
    },
    {
      "type": "Feature",
      "geometry": {
        "type": "Point",
        "coordinates": [
          93.77698,
          26.58081
        ]
      },
      "properties": {
        "id": "HW-1015",
        "latitude": 26.58081,
        "longitude": 93.77698,
        "frp_mw": 1.6,
        "class_id": 3,
        "class_name": "Gas Flare",
        "color": "#8b5cf6",
        "confidence": 100.0,
        "is_accidental": false,
        "elevation_m": 96.0,
        "tropomi_no2": 6.681936679695176e-05,
        "tropomi_so2": 0.0001326438766363,
        "timestamp": "2024-04-06"
      }
    },
    {
      "type": "Feature",
      "geometry": {
        "type": "Point",
        "coordinates": [
          82.16724,
          19.09024
        ]
      },
      "properties": {
        "id": "HW-1016",
        "latitude": 19.09024,
        "longitude": 82.16724,
        "frp_mw": 9.77,
        "class_id": 4,
        "class_name": "Accidental Fire",
        "color": "#ef4444",
        "confidence": 86.8,
        "is_accidental": true,
        "elevation_m": 561.0,
        "tropomi_no2": 6.851035228328796e-05,
        "tropomi_so2": 0.0001114739480653,
        "timestamp": "2024-02-22"
      }
    },
    {
      "type": "Feature",
      "geometry": {
        "type": "Point",
        "coordinates": [
          93.85748,
          24.11843
        ]
      },
      "properties": {
        "id": "HW-1017",
        "latitude": 24.11843,
        "longitude": 93.85748,
        "frp_mw": 65.1,
        "class_id": 0,
        "class_name": "Wildfire",
        "color": "#10b981",
        "confidence": 100.0,
        "is_accidental": false,
        "elevation_m": 1007.0,
        "tropomi_no2": 5.629827538633522e-05,
        "tropomi_so2": 0.0001096971824209,
        "timestamp": "2024-03-15"
      }
    },
    {
      "type": "Feature",
      "geometry": {
        "type": "Point",
        "coordinates": [
          95.4755,
          27.46036
        ]
      },
      "properties": {
        "id": "HW-1018",
        "latitude": 27.46036,
        "longitude": 95.4755,
        "frp_mw": 1.35,
        "class_id": 3,
        "class_name": "Gas Flare",
        "color": "#8b5cf6",
        "confidence": 100.0,
        "is_accidental": false,
        "elevation_m": 130.0,
        "tropomi_no2": 6.331676310163203e-05,
        "tropomi_so2": 0.000140503805622,
        "timestamp": "2024-11-11"
      }
    },
    {
      "type": "Feature",
      "geometry": {
        "type": "Point",
        "coordinates": [
          86.2063,
          22.7867
        ]
      },
      "properties": {
        "id": "HW-1019",
        "latitude": 22.7867,
        "longitude": 86.2063,
        "frp_mw": 14.6,
        "class_id": 4,
        "class_name": "Accidental Fire",
        "color": "#ef4444",
        "confidence": 99.0,
        "is_accidental": true,
        "elevation_m": 183.0,
        "tropomi_no2": 0.0001705727294489,
        "tropomi_so2": 0.0004460124234932,
        "timestamp": "2024-03-15"
      }
    },
    {
      "type": "Feature",
      "geometry": {
        "type": "Point",
        "coordinates": [
          76.64034,
          15.18411
        ]
      },
      "properties": {
        "id": "HW-1020",
        "latitude": 15.18411,
        "longitude": 76.64034,
        "frp_mw": 7.33,
        "class_id": 4,
        "class_name": "Accidental Fire",
        "color": "#ef4444",
        "confidence": 81.3,
        "is_accidental": true,
        "elevation_m": 487.0,
        "tropomi_no2": 0.00016239002663,
        "tropomi_so2": 0.0003009042456449,
        "timestamp": "2024-06-16"
      }
    },
    {
      "type": "Feature",
      "geometry": {
        "type": "Point",
        "coordinates": [
          84.86339,
          22.21073
        ]
      },
      "properties": {
        "id": "HW-1021",
        "latitude": 22.21073,
        "longitude": 84.86339,
        "frp_mw": 8.45,
        "class_id": 4,
        "class_name": "Accidental Fire",
        "color": "#ef4444",
        "confidence": 77.7,
        "is_accidental": true,
        "elevation_m": 201.0,
        "tropomi_no2": 0.0001408002994887,
        "tropomi_so2": 0.0004209862266789,
        "timestamp": "2024-05-01"
      }
    },
    {
      "type": "Feature",
      "geometry": {
        "type": "Point",
        "coordinates": [
          75.79653,
          25.19105
        ]
      },
      "properties": {
        "id": "HW-1022",
        "latitude": 25.19105,
        "longitude": 75.79653,
        "frp_mw": 0.54,
        "class_id": 2,
        "class_name": "Industrial Persistent",
        "color": "#3b82f6",
        "confidence": 100.0,
        "is_accidental": false,
        "elevation_m": 265.0,
        "tropomi_no2": 0.0001298742823563,
        "tropomi_so2": 0.0002538056631013,
        "timestamp": "2024-12-05"
      }
    },
    {
      "type": "Feature",
      "geometry": {
        "type": "Point",
        "coordinates": [
          72.40583,
          23.54291
        ]
      },
      "properties": {
        "id": "HW-1023",
        "latitude": 23.54291,
        "longitude": 72.40583,
        "frp_mw": 0.86,
        "class_id": 3,
        "class_name": "Gas Flare",
        "color": "#8b5cf6",
        "confidence": 100.0,
        "is_accidental": false,
        "elevation_m": 87.0,
        "tropomi_no2": 7.959547250574372e-05,
        "tropomi_so2": 0.0001188540528843,
        "timestamp": "2024-12-19"
      }
    },
    {
      "type": "Feature",
      "geometry": {
        "type": "Point",
        "coordinates": [
          76.8464,
          12.6173
        ]
      },
      "properties": {
        "id": "HW-1024",
        "latitude": 12.6173,
        "longitude": 76.8464,
        "frp_mw": 97.1,
        "class_id": 0,
        "class_name": "Wildfire",
        "color": "#10b981",
        "confidence": 100.0,
        "is_accidental": false,
        "elevation_m": 729.0,
        "tropomi_no2": 5.642626547007421e-05,
        "tropomi_so2": 3.0649088236320636e-06,
        "timestamp": "2024-02-23"
      }
    },
    {
      "type": "Feature",
      "geometry": {
        "type": "Point",
        "coordinates": [
          87.2335,
          23.5604
        ]
      },
      "properties": {
        "id": "HW-1025",
        "latitude": 23.5604,
        "longitude": 87.2335,
        "frp_mw": 9.0,
        "class_id": 4,
        "class_name": "Accidental Fire",
        "color": "#ef4444",
        "confidence": 74.1,
        "is_accidental": true,
        "elevation_m": 87.0,
        "tropomi_no2": 0.0002077253505553,
        "tropomi_so2": 0.0003591989723347,
        "timestamp": "2024-12-31"
      }
    },
    {
      "type": "Feature",
      "geometry": {
        "type": "Point",
        "coordinates": [
          71.07278,
          26.31914
        ]
      },
      "properties": {
        "id": "HW-1026",
        "latitude": 26.31914,
        "longitude": 71.07278,
        "frp_mw": 17.21,
        "class_id": 4,
        "class_name": "Accidental Fire",
        "color": "#ef4444",
        "confidence": 64.7,
        "is_accidental": true,
        "elevation_m": 263.0,
        "tropomi_no2": 6.085808276779932e-05,
        "tropomi_so2": 4.224820693270162e-05,
        "timestamp": "2024-10-18"
      }
    },
    {
      "type": "Feature",
      "geometry": {
        "type": "Point",
        "coordinates": [
          70.92305,
          22.78475
        ]
      },
      "properties": {
        "id": "HW-1027",
        "latitude": 22.78475,
        "longitude": 70.92305,
        "frp_mw": 2.04,
        "class_id": 2,
        "class_name": "Industrial Persistent",
        "color": "#3b82f6",
        "confidence": 100.0,
        "is_accidental": false,
        "elevation_m": 88.0,
        "tropomi_no2": 0.0001120200426306,
        "tropomi_so2": 0.0004873130994519,
        "timestamp": "2024-12-18"
      }
    },
    {
      "type": "Feature",
      "geometry": {
        "type": "Point",
        "coordinates": [
          85.17153,
          20.96248
        ]
      },
      "properties": {
        "id": "HW-1028",
        "latitude": 20.96248,
        "longitude": 85.17153,
        "frp_mw": 1.84,
        "class_id": 1,
        "class_name": "Agricultural",
        "color": "#eab308",
        "confidence": 100.0,
        "is_accidental": false,
        "elevation_m": 112.0,
        "tropomi_no2": 0.0001632131362717,
        "tropomi_so2": 0.0005928328992944,
        "timestamp": "2024-04-23"
      }
    },
    {
      "type": "Feature",
      "geometry": {
        "type": "Point",
        "coordinates": [
          95.26783,
          27.31693
        ]
      },
      "properties": {
        "id": "HW-1029",
        "latitude": 27.31693,
        "longitude": 95.26783,
        "frp_mw": 0.67,
        "class_id": 3,
        "class_name": "Gas Flare",
        "color": "#8b5cf6",
        "confidence": 100.0,
        "is_accidental": false,
        "elevation_m": 121.0,
        "tropomi_no2": 6.714673233125557e-05,
        "tropomi_so2": 0.0001560516639259,
        "timestamp": "2024-09-19"
      }
    },
    {
      "type": "Feature",
      "geometry": {
        "type": "Point",
        "coordinates": [
          87.1119,
          23.7028
        ]
      },
      "properties": {
        "id": "HW-1030",
        "latitude": 23.7028,
        "longitude": 87.1119,
        "frp_mw": 33.0,
        "class_id": 4,
        "class_name": "Accidental Fire",
        "color": "#ef4444",
        "confidence": 97.4,
        "is_accidental": true,
        "elevation_m": 107.0,
        "tropomi_no2": 0.000154210153,
        "tropomi_so2": 0.0003117340541852,
        "timestamp": "2024-05-02"
      }
    },
    {
      "type": "Feature",
      "geometry": {
        "type": "Point",
        "coordinates": [
          95.42142,
          27.46939
        ]
      },
      "properties": {
        "id": "HW-1031",
        "latitude": 27.46939,
        "longitude": 95.42142,
        "frp_mw": 1.67,
        "class_id": 3,
        "class_name": "Gas Flare",
        "color": "#8b5cf6",
        "confidence": 100.0,
        "is_accidental": false,
        "elevation_m": 123.0,
        "tropomi_no2": 6.441483532367961e-05,
        "tropomi_so2": 0.0001239199094772,
        "timestamp": "2024-11-11"
      }
    },
    {
      "type": "Feature",
      "geometry": {
        "type": "Point",
        "coordinates": [
          81.38748,
          21.18286
        ]
      },
      "properties": {
        "id": "HW-1032",
        "latitude": 21.18286,
        "longitude": 81.38748,
        "frp_mw": 6.87,
        "class_id": 4,
        "class_name": "Accidental Fire",
        "color": "#ef4444",
        "confidence": 68.3,
        "is_accidental": true,
        "elevation_m": 320.0,
        "tropomi_no2": 0.0001460527241117,
        "tropomi_so2": 0.0003901104534765,
        "timestamp": "2024-04-28"
      }
    },
    {
      "type": "Feature",
      "geometry": {
        "type": "Point",
        "coordinates": [
          78.91611,
          11.12495
        ]
      },
      "properties": {
        "id": "HW-1033",
        "latitude": 11.12495,
        "longitude": 78.91611,
        "frp_mw": 6.8,
        "class_id": 1,
        "class_name": "Agricultural",
        "color": "#eab308",
        "confidence": 100.0,
        "is_accidental": false,
        "elevation_m": 113.0,
        "tropomi_no2": 6.543159729944229e-05,
        "tropomi_so2": 9.618599872671364e-05,
        "timestamp": "2024-04-02"
      }
    },
    {
      "type": "Feature",
      "geometry": {
        "type": "Point",
        "coordinates": [
          79.15223,
          29.6185
        ]
      },
      "properties": {
        "id": "HW-1034",
        "latitude": 29.6185,
        "longitude": 79.15223,
        "frp_mw": 3.53,
        "class_id": 0,
        "class_name": "Wildfire",
        "color": "#10b981",
        "confidence": 100.0,
        "is_accidental": false,
        "elevation_m": 1026.0,
        "tropomi_no2": 6.57897451405355e-05,
        "tropomi_so2": 0.0002132345828531,
        "timestamp": "2024-01-25"
      }
    },
    {
      "type": "Feature",
      "geometry": {
        "type": "Point",
        "coordinates": [
          95.47347,
          27.46204
        ]
      },
      "properties": {
        "id": "HW-1035",
        "latitude": 27.46204,
        "longitude": 95.47347,
        "frp_mw": 1.66,
        "class_id": 3,
        "class_name": "Gas Flare",
        "color": "#8b5cf6",
        "confidence": 100.0,
        "is_accidental": false,
        "elevation_m": 127.0,
        "tropomi_no2": 6.331676310163203e-05,
        "tropomi_so2": 0.000140503805622,
        "timestamp": "2024-02-13"
      }
    },
    {
      "type": "Feature",
      "geometry": {
        "type": "Point",
        "coordinates": [
          84.98431,
          20.88717
        ]
      },
      "properties": {
        "id": "HW-1036",
        "latitude": 20.88717,
        "longitude": 84.98431,
        "frp_mw": 6.48,
        "class_id": 4,
        "class_name": "Accidental Fire",
        "color": "#ef4444",
        "confidence": 76.2,
        "is_accidental": true,
        "elevation_m": 165.0,
        "tropomi_no2": 0.0001529256339238,
        "tropomi_so2": 0.0005609608248894,
        "timestamp": "2024-03-05"
      }
    },
    {
      "type": "Feature",
      "geometry": {
        "type": "Point",
        "coordinates": [
          80.14384,
          17.64571
        ]
      },
      "properties": {
        "id": "HW-1037",
        "latitude": 17.64571,
        "longitude": 80.14384,
        "frp_mw": 5.07,
        "class_id": 0,
        "class_name": "Wildfire",
        "color": "#10b981",
        "confidence": 100.0,
        "is_accidental": false,
        "elevation_m": 250.0,
        "tropomi_no2": 6.437501530725081e-05,
        "tropomi_so2": 7.013112553465351e-05,
        "timestamp": "2024-04-29"
      }
    },
    {
      "type": "Feature",
      "geometry": {
        "type": "Point",
        "coordinates": [
          86.08964,
          23.68561
        ]
      },
      "properties": {
        "id": "HW-1038",
        "latitude": 23.68561,
        "longitude": 86.08964,
        "frp_mw": 0.62,
        "class_id": 2,
        "class_name": "Industrial Persistent",
        "color": "#3b82f6",
        "confidence": 100.0,
        "is_accidental": false,
        "elevation_m": 245.0,
        "tropomi_no2": 0.0001514599406771,
        "tropomi_so2": 0.0002515379889729,
        "timestamp": "2024-04-22"
      }
    },
    {
      "type": "Feature",
      "geometry": {
        "type": "Point",
        "coordinates": [
          82.21024,
          19.9402
        ]
      },
      "properties": {
        "id": "HW-1039",
        "latitude": 19.9402,
        "longitude": 82.21024,
        "frp_mw": 12.67,
        "class_id": 0,
        "class_name": "Wildfire",
        "color": "#10b981",
        "confidence": 100.0,
        "is_accidental": false,
        "elevation_m": 617.0,
        "tropomi_no2": 6.200792004202025e-05,
        "tropomi_so2": 9.987474074392104e-05,
        "timestamp": "2024-02-19"
      }
    },
    {
      "type": "Feature",
      "geometry": {
        "type": "Point",
        "coordinates": [
          95.47729,
          27.46037
        ]
      },
      "properties": {
        "id": "HW-1040",
        "latitude": 27.46037,
        "longitude": 95.47729,
        "frp_mw": 1.6,
        "class_id": 3,
        "class_name": "Gas Flare",
        "color": "#8b5cf6",
        "confidence": 100.0,
        "is_accidental": false,
        "elevation_m": 129.0,
        "tropomi_no2": 6.331676310163203e-05,
        "tropomi_so2": 0.000140503805622,
        "timestamp": "2024-02-17"
      }
    },
    {
      "type": "Feature",
      "geometry": {
        "type": "Point",
        "coordinates": [
          73.32014,
          19.37163
        ]
      },
      "properties": {
        "id": "HW-1041",
        "latitude": 19.37163,
        "longitude": 73.32014,
        "frp_mw": 2.5,
        "class_id": 0,
        "class_name": "Wildfire",
        "color": "#10b981",
        "confidence": 100.0,
        "is_accidental": false,
        "elevation_m": 63.0,
        "tropomi_no2": 7.939882905459372e-05,
        "tropomi_so2": 0.0001018445429892,
        "timestamp": "2024-03-31"
      }
    },
    {
      "type": "Feature",
      "geometry": {
        "type": "Point",
        "coordinates": [
          72.6399,
          21.1031
        ]
      },
      "properties": {
        "id": "HW-1042",
        "latitude": 21.1031,
        "longitude": 72.6399,
        "frp_mw": 30.7,
        "class_id": 4,
        "class_name": "Accidental Fire",
        "color": "#ef4444",
        "confidence": 92.2,
        "is_accidental": true,
        "elevation_m": 12.0,
        "tropomi_no2": 0.0001151197807873,
        "tropomi_so2": 0.0001460897471915,
        "timestamp": "2024-11-10"
      }
    },
    {
      "type": "Feature",
      "geometry": {
        "type": "Point",
        "coordinates": [
          86.39143,
          23.7654
        ]
      },
      "properties": {
        "id": "HW-1043",
        "latitude": 23.7654,
        "longitude": 86.39143,
        "frp_mw": 2.41,
        "class_id": 1,
        "class_name": "Agricultural",
        "color": "#eab308",
        "confidence": 100.0,
        "is_accidental": false,
        "elevation_m": 194.0,
        "tropomi_no2": 0.0001278031997801,
        "tropomi_so2": 0.0002493825198908,
        "timestamp": "2024-10-10"
      }
    },
    {
      "type": "Feature",
      "geometry": {
        "type": "Point",
        "coordinates": [
          92.42225,
          25.97131
        ]
      },
      "properties": {
        "id": "HW-1044",
        "latitude": 25.97131,
        "longitude": 92.42225,
        "frp_mw": 3.58,
        "class_id": 0,
        "class_name": "Wildfire",
        "color": "#10b981",
        "confidence": 100.0,
        "is_accidental": false,
        "elevation_m": 470.0,
        "tropomi_no2": 6.55706207404928e-05,
        "tropomi_so2": 6.079007110073398e-05,
        "timestamp": "2024-04-07"
      }
    },
    {
      "type": "Feature",
      "geometry": {
        "type": "Point",
        "coordinates": [
          88.48354,
          27.00112
        ]
      },
      "properties": {
        "id": "HW-1045",
        "latitude": 27.00112,
        "longitude": 88.48354,
        "frp_mw": 1.1,
        "class_id": 0,
        "class_name": "Wildfire",
        "color": "#10b981",
        "confidence": 100.0,
        "is_accidental": false,
        "elevation_m": 583.0,
        "tropomi_no2": 6.54129225560172e-05,
        "tropomi_so2": 0.0001035707790695,
        "timestamp": "2024-03-18"
      }
    },
    {
      "type": "Feature",
      "geometry": {
        "type": "Point",
        "coordinates": [
          80.11796,
          19.88914
        ]
      },
      "properties": {
        "id": "HW-1046",
        "latitude": 19.88914,
        "longitude": 80.11796,
        "frp_mw": 4.06,
        "class_id": 0,
        "class_name": "Wildfire",
        "color": "#10b981",
        "confidence": 100.0,
        "is_accidental": false,
        "elevation_m": 301.0,
        "tropomi_no2": 6.61464574707594e-05,
        "tropomi_so2": 0.0001263675964772,
        "timestamp": "2024-04-06"
      }
    },
    {
      "type": "Feature",
      "geometry": {
        "type": "Point",
        "coordinates": [
          76.2388,
          31.758
        ]
      },
      "properties": {
        "id": "HW-1047",
        "latitude": 31.758,
        "longitude": 76.2388,
        "frp_mw": 8.1,
        "class_id": 0,
        "class_name": "Wildfire",
        "color": "#10b981",
        "confidence": 100.0,
        "is_accidental": false,
        "elevation_m": 666.0,
        "tropomi_no2": 7.669303409532784e-05,
        "tropomi_so2": 0.0001803493963381,
        "timestamp": "2024-05-20"
      }
    },
    {
      "type": "Feature",
      "geometry": {
        "type": "Point",
        "coordinates": [
          82.16512,
          19.10298
        ]
      },
      "properties": {
        "id": "HW-1048",
        "latitude": 19.10298,
        "longitude": 82.16512,
        "frp_mw": 8.78,
        "class_id": 4,
        "class_name": "Accidental Fire",
        "color": "#ef4444",
        "confidence": 77.9,
        "is_accidental": true,
        "elevation_m": 557.0,
        "tropomi_no2": 6.851035228328796e-05,
        "tropomi_so2": 0.0001114739480653,
        "timestamp": "2024-04-16"
      }
    },
    {
      "type": "Feature",
      "geometry": {
        "type": "Point",
        "coordinates": [
          79.68137,
          23.47661
        ]
      },
      "properties": {
        "id": "HW-1049",
        "latitude": 23.47661,
        "longitude": 79.68137,
        "frp_mw": 11.38,
        "class_id": 0,
        "class_name": "Wildfire",
        "color": "#10b981",
        "confidence": 100.0,
        "is_accidental": false,
        "elevation_m": 493.0,
        "tropomi_no2": 6.851558480224587e-05,
        "tropomi_so2": 0.0001189195099346,
        "timestamp": "2024-04-20"
      }
    },
    {
      "type": "Feature",
      "geometry": {
        "type": "Point",
        "coordinates": [
          80.5837,
          19.6458
        ]
      },
      "properties": {
        "id": "HW-1050",
        "latitude": 19.6458,
        "longitude": 80.5837,
        "frp_mw": 2.29,
        "class_id": 0,
        "class_name": "Wildfire",
        "color": "#10b981",
        "confidence": 100.0,
        "is_accidental": false,
        "elevation_m": 285.0,
        "tropomi_no2": 6.12023541270134e-05,
        "tropomi_so2": 0.000138535077326,
        "timestamp": "2024-03-30"
      }
    },
    {
      "type": "Feature",
      "geometry": {
        "type": "Point",
        "coordinates": [
          81.77983,
          20.66803
        ]
      },
      "properties": {
        "id": "HW-1051",
        "latitude": 20.66803,
        "longitude": 81.77983,
        "frp_mw": 1.67,
        "class_id": 1,
        "class_name": "Agricultural",
        "color": "#eab308",
        "confidence": 100.0,
        "is_accidental": false,
        "elevation_m": 344.0,
        "tropomi_no2": 7.008578036778011e-05,
        "tropomi_so2": 0.0002545446665386,
        "timestamp": "2024-03-15"
      }
    },
    {
      "type": "Feature",
      "geometry": {
        "type": "Point",
        "coordinates": [
          83.61501,
          19.5396
        ]
      },
      "properties": {
        "id": "HW-1052",
        "latitude": 19.5396,
        "longitude": 83.61501,
        "frp_mw": 9.76,
        "class_id": 1,
        "class_name": "Agricultural",
        "color": "#eab308",
        "confidence": 100.0,
        "is_accidental": false,
        "elevation_m": 616.0,
        "tropomi_no2": 6.083763403570488e-05,
        "tropomi_so2": 0.0001298971687329,
        "timestamp": "2024-04-01"
      }
    },
    {
      "type": "Feature",
      "geometry": {
        "type": "Point",
        "coordinates": [
          86.0538,
          20.9531
        ]
      },
      "properties": {
        "id": "HW-1053",
        "latitude": 20.9531,
        "longitude": 86.0538,
        "frp_mw": 9.0,
        "class_id": 4,
        "class_name": "Accidental Fire",
        "color": "#ef4444",
        "confidence": 77.3,
        "is_accidental": true,
        "elevation_m": 50.0,
        "tropomi_no2": 0.0001230620637593,
        "tropomi_so2": 0.0003742244650192,
        "timestamp": "2024-04-15"
      }
    },
    {
      "type": "Feature",
      "geometry": {
        "type": "Point",
        "coordinates": [
          75.82982,
          30.16449
        ]
      },
      "properties": {
        "id": "HW-1054",
        "latitude": 30.16449,
        "longitude": 75.82982,
        "frp_mw": 11.36,
        "class_id": 1,
        "class_name": "Agricultural",
        "color": "#eab308",
        "confidence": 100.0,
        "is_accidental": false,
        "elevation_m": 233.0,
        "tropomi_no2": 9.147343479790032e-05,
        "tropomi_so2": 0.0001226099786585,
        "timestamp": "2024-11-09"
      }
    },
    {
      "type": "Feature",
      "geometry": {
        "type": "Point",
        "coordinates": [
          80.37923,
          28.41868
        ]
      },
      "properties": {
        "id": "HW-1055",
        "latitude": 28.41868,
        "longitude": 80.37923,
        "frp_mw": 4.46,
        "class_id": 0,
        "class_name": "Wildfire",
        "color": "#10b981",
        "confidence": 100.0,
        "is_accidental": false,
        "elevation_m": 181.0,
        "tropomi_no2": 7.539482285332343e-05,
        "tropomi_so2": 0.0001444685898341,
        "timestamp": "2024-03-23"
      }
    },
    {
      "type": "Feature",
      "geometry": {
        "type": "Point",
        "coordinates": [
          80.842,
          17.10284
        ]
      },
      "properties": {
        "id": "HW-1056",
        "latitude": 17.10284,
        "longitude": 80.842,
        "frp_mw": 4.42,
        "class_id": 1,
        "class_name": "Agricultural",
        "color": "#eab308",
        "confidence": 100.0,
        "is_accidental": false,
        "elevation_m": 138.0,
        "tropomi_no2": 6.431323221411541e-05,
        "tropomi_so2": 6.94307485158971e-05,
        "timestamp": "2024-12-27"
      }
    },
    {
      "type": "Feature",
      "geometry": {
        "type": "Point",
        "coordinates": [
          78.78214,
          19.20376
        ]
      },
      "properties": {
        "id": "HW-1057",
        "latitude": 19.20376,
        "longitude": 78.78214,
        "frp_mw": 0.94,
        "class_id": 0,
        "class_name": "Wildfire",
        "color": "#10b981",
        "confidence": 100.0,
        "is_accidental": false,
        "elevation_m": 326.0,
        "tropomi_no2": 6.512602806517509e-05,
        "tropomi_so2": 0.0001930832827222,
        "timestamp": "2024-02-29"
      }
    },
    {
      "type": "Feature",
      "geometry": {
        "type": "Point",
        "coordinates": [
          86.29712,
          23.63407
        ]
      },
      "properties": {
        "id": "HW-1058",
        "latitude": 23.63407,
        "longitude": 86.29712,
        "frp_mw": 1.65,
        "class_id": 2,
        "class_name": "Industrial Persistent",
        "color": "#3b82f6",
        "confidence": 100.0,
        "is_accidental": false,
        "elevation_m": 180.0,
        "tropomi_no2": 0.000123411263145,
        "tropomi_so2": 0.0003353140955436,
        "timestamp": "2024-04-17"
      }
    },
    {
      "type": "Feature",
      "geometry": {
        "type": "Point",
        "coordinates": [
          80.72021,
          18.84701
        ]
      },
      "properties": {
        "id": "HW-1059",
        "latitude": 18.84701,
        "longitude": 80.72021,
        "frp_mw": 3.96,
        "class_id": 0,
        "class_name": "Wildfire",
        "color": "#10b981",
        "confidence": 100.0,
        "is_accidental": false,
        "elevation_m": 280.0,
        "tropomi_no2": 6.313123107601782e-05,
        "tropomi_so2": 0.0001166443313491,
        "timestamp": "2024-04-03"
      }
    },
    {
      "type": "Feature",
      "geometry": {
        "type": "Point",
        "coordinates": [
          84.0189,
          21.7628
        ]
      },
      "properties": {
        "id": "HW-1060",
        "latitude": 21.7628,
        "longitude": 84.0189,
        "frp_mw": 8.5,
        "class_id": 4,
        "class_name": "Accidental Fire",
        "color": "#ef4444",
        "confidence": 91.1,
        "is_accidental": true,
        "elevation_m": 212.0,
        "tropomi_no2": 0.0002647564691818,
        "tropomi_so2": 0.0012821766136909,
        "timestamp": "2024-12-30"
      }
    },
    {
      "type": "Feature",
      "geometry": {
        "type": "Point",
        "coordinates": [
          72.90448,
          19.35727
        ]
      },
      "properties": {
        "id": "HW-1061",
        "latitude": 19.35727,
        "longitude": 72.90448,
        "frp_mw": 1.47,
        "class_id": 2,
        "class_name": "Industrial Persistent",
        "color": "#3b82f6",
        "confidence": 100.0,
        "is_accidental": false,
        "elevation_m": 5.0,
        "tropomi_no2": 8.448666994848078e-05,
        "tropomi_so2": 0.0001424535143456,
        "timestamp": "2024-10-07"
      }
    },
    {
      "type": "Feature",
      "geometry": {
        "type": "Point",
        "coordinates": [
          95.4002,
          27.60458
        ]
      },
      "properties": {
        "id": "HW-1062",
        "latitude": 27.60458,
        "longitude": 95.4002,
        "frp_mw": 0.61,
        "class_id": 3,
        "class_name": "Gas Flare",
        "color": "#8b5cf6",
        "confidence": 100.0,
        "is_accidental": false,
        "elevation_m": 124.0,
        "tropomi_no2": 6.049112900194418e-05,
        "tropomi_so2": 0.0001630041258304,
        "timestamp": "2024-11-30"
      }
    },
    {
      "type": "Feature",
      "geometry": {
        "type": "Point",
        "coordinates": [
          72.64656,
          21.10624
        ]
      },
      "properties": {
        "id": "HW-1063",
        "latitude": 21.10624,
        "longitude": 72.64656,
        "frp_mw": 29.21,
        "class_id": 4,
        "class_name": "Accidental Fire",
        "color": "#ef4444",
        "confidence": 89.6,
        "is_accidental": true,
        "elevation_m": 11.0,
        "tropomi_no2": 0.0001151197807873,
        "tropomi_so2": 0.0001460897471915,
        "timestamp": "2024-04-17"
      }
    },
    {
      "type": "Feature",
      "geometry": {
        "type": "Point",
        "coordinates": [
          78.71074,
          12.2494
        ]
      },
      "properties": {
        "id": "HW-1064",
        "latitude": 12.2494,
        "longitude": 78.71074,
        "frp_mw": 18.32,
        "class_id": 0,
        "class_name": "Wildfire",
        "color": "#10b981",
        "confidence": 100.0,
        "is_accidental": false,
        "elevation_m": 323.0,
        "tropomi_no2": 5.5990698995396826e-05,
        "tropomi_so2": 7.255399008531184e-05,
        "timestamp": "2024-04-29"
      }
    },
    {
      "type": "Feature",
      "geometry": {
        "type": "Point",
        "coordinates": [
          78.89853,
          30.26383
        ]
      },
      "properties": {
        "id": "HW-1065",
        "latitude": 30.26383,
        "longitude": 78.89853,
        "frp_mw": 8.38,
        "class_id": 0,
        "class_name": "Wildfire",
        "color": "#10b981",
        "confidence": 100.0,
        "is_accidental": false,
        "elevation_m": 1087.0,
        "tropomi_no2": 6.791209463053354e-05,
        "tropomi_so2": 0.0002267646902828,
        "timestamp": "2024-04-21"
      }
    },
    {
      "type": "Feature",
      "geometry": {
        "type": "Point",
        "coordinates": [
          72.17898,
          27.43584
        ]
      },
      "properties": {
        "id": "HW-1066",
        "latitude": 27.43584,
        "longitude": 72.17898,
        "frp_mw": 22.59,
        "class_id": 4,
        "class_name": "Accidental Fire",
        "color": "#ef4444",
        "confidence": 94.9,
        "is_accidental": true,
        "elevation_m": 200.0,
        "tropomi_no2": 6.257551750528034e-05,
        "tropomi_so2": 5.651579196171327e-05,
        "timestamp": "2024-11-14"
      }
    },
    {
      "type": "Feature",
      "geometry": {
        "type": "Point",
        "coordinates": [
          79.48217,
          29.63044
        ]
      },
      "properties": {
        "id": "HW-1067",
        "latitude": 29.63044,
        "longitude": 79.48217,
        "frp_mw": 4.37,
        "class_id": 0,
        "class_name": "Wildfire",
        "color": "#10b981",
        "confidence": 100.0,
        "is_accidental": false,
        "elevation_m": 1629.0,
        "tropomi_no2": 6.52921757778561e-05,
        "tropomi_so2": 0.000192476244563,
        "timestamp": "2024-05-04"
      }
    },
    {
      "type": "Feature",
      "geometry": {
        "type": "Point",
        "coordinates": [
          88.12308,
          22.05468
        ]
      },
      "properties": {
        "id": "HW-1068",
        "latitude": 22.05468,
        "longitude": 88.12308,
        "frp_mw": 1.94,
        "class_id": 2,
        "class_name": "Industrial Persistent",
        "color": "#3b82f6",
        "confidence": 100.0,
        "is_accidental": false,
        "elevation_m": 8.0,
        "tropomi_no2": 0.0001232266872302,
        "tropomi_so2": 0.0004171188100003,
        "timestamp": "2024-07-16"
      }
    },
    {
      "type": "Feature",
      "geometry": {
        "type": "Point",
        "coordinates": [
          94.6715,
          26.78472
        ]
      },
      "properties": {
        "id": "HW-1069",
        "latitude": 26.78472,
        "longitude": 94.6715,
        "frp_mw": 0.28,
        "class_id": 3,
        "class_name": "Gas Flare",
        "color": "#8b5cf6",
        "confidence": 100.0,
        "is_accidental": false,
        "elevation_m": 113.0,
        "tropomi_no2": 6.416631954930222e-05,
        "tropomi_so2": 0.0001116548557387,
        "timestamp": "2024-01-04"
      }
    },
    {
      "type": "Feature",
      "geometry": {
        "type": "Point",
        "coordinates": [
          95.26649,
          27.31682
        ]
      },
      "properties": {
        "id": "HW-1070",
        "latitude": 27.31682,
        "longitude": 95.26649,
        "frp_mw": 0.89,
        "class_id": 3,
        "class_name": "Gas Flare",
        "color": "#8b5cf6",
        "confidence": 100.0,
        "is_accidental": false,
        "elevation_m": 121.0,
        "tropomi_no2": 6.714673233125557e-05,
        "tropomi_so2": 0.0001560516639259,
        "timestamp": "2024-11-08"
      }
    },
    {
      "type": "Feature",
      "geometry": {
        "type": "Point",
        "coordinates": [
          95.08646,
          27.37611
        ]
      },
      "properties": {
        "id": "HW-1071",
        "latitude": 27.37611,
        "longitude": 95.08646,
        "frp_mw": 1.26,
        "class_id": 3,
        "class_name": "Gas Flare",
        "color": "#8b5cf6",
        "confidence": 100.0,
        "is_accidental": false,
        "elevation_m": 108.0,
        "tropomi_no2": 6.280089004844842e-05,
        "tropomi_so2": 0.0001656060707138,
        "timestamp": "2024-11-30"
      }
    },
    {
      "type": "Feature",
      "geometry": {
        "type": "Point",
        "coordinates": [
          82.66519,
          22.00325
        ]
      },
      "properties": {
        "id": "HW-1072",
        "latitude": 22.00325,
        "longitude": 82.66519,
        "frp_mw": 2.34,
        "class_id": 2,
        "class_name": "Industrial Persistent",
        "color": "#3b82f6",
        "confidence": 100.0,
        "is_accidental": false,
        "elevation_m": 244.0,
        "tropomi_no2": 0.0001679463421434,
        "tropomi_so2": 0.0006409225567293,
        "timestamp": "2024-11-23"
      }
    },
    {
      "type": "Feature",
      "geometry": {
        "type": "Point",
        "coordinates": [
          87.24414,
          23.54853
        ]
      },
      "properties": {
        "id": "HW-1073",
        "latitude": 23.54853,
        "longitude": 87.24414,
        "frp_mw": 1.59,
        "class_id": 2,
        "class_name": "Industrial Persistent",
        "color": "#3b82f6",
        "confidence": 100.0,
        "is_accidental": false,
        "elevation_m": 82.0,
        "tropomi_no2": 0.0002077253505553,
        "tropomi_so2": 0.0003591989723347,
        "timestamp": "2024-04-05"
      }
    },
    {
      "type": "Feature",
      "geometry": {
        "type": "Point",
        "coordinates": [
          81.28306,
          16.36221
        ]
      },
      "properties": {
        "id": "HW-1074",
        "latitude": 16.36221,
        "longitude": 81.28306,
        "frp_mw": 0.26,
        "class_id": 3,
        "class_name": "Gas Flare",
        "color": "#8b5cf6",
        "confidence": 100.0,
        "is_accidental": false,
        "elevation_m": 6.0,
        "tropomi_no2": 6.057667193635707e-05,
        "tropomi_so2": 5.0290480237137974e-05,
        "timestamp": "2024-12-30"
      }
    },
    {
      "type": "Feature",
      "geometry": {
        "type": "Point",
        "coordinates": [
          95.26578,
          27.31612
        ]
      },
      "properties": {
        "id": "HW-1075",
        "latitude": 27.31612,
        "longitude": 95.26578,
        "frp_mw": 0.98,
        "class_id": 3,
        "class_name": "Gas Flare",
        "color": "#8b5cf6",
        "confidence": 100.0,
        "is_accidental": false,
        "elevation_m": 120.0,
        "tropomi_no2": 6.314558410701683e-05,
        "tropomi_so2": 0.0001837750563417,
        "timestamp": "2024-03-15"
      }
    },
    {
      "type": "Feature",
      "geometry": {
        "type": "Point",
        "coordinates": [
          76.65638,
          15.17973
        ]
      },
      "properties": {
        "id": "HW-1076",
        "latitude": 15.17973,
        "longitude": 76.65638,
        "frp_mw": 4.14,
        "class_id": 2,
        "class_name": "Industrial Persistent",
        "color": "#3b82f6",
        "confidence": 100.0,
        "is_accidental": false,
        "elevation_m": 497.0,
        "tropomi_no2": 0.0001483026758164,
        "tropomi_so2": 0.0002799090606206,
        "timestamp": "2024-12-06"
      }
    },
    {
      "type": "Feature",
      "geometry": {
        "type": "Point",
        "coordinates": [
          77.12782,
          12.76628
        ]
      },
      "properties": {
        "id": "HW-1077",
        "latitude": 12.76628,
        "longitude": 77.12782,
        "frp_mw": 5.5,
        "class_id": 0,
        "class_name": "Wildfire",
        "color": "#10b981",
        "confidence": 100.0,
        "is_accidental": false,
        "elevation_m": 760.0,
        "tropomi_no2": 5.833690169807061e-05,
        "tropomi_so2": 2.9942018933918092e-05,
        "timestamp": "2024-02-29"
      }
    },
    {
      "type": "Feature",
      "geometry": {
        "type": "Point",
        "coordinates": [
          73.4707,
          28.33155
        ]
      },
      "properties": {
        "id": "HW-1078",
        "latitude": 28.33155,
        "longitude": 73.4707,
        "frp_mw": 13.5,
        "class_id": 4,
        "class_name": "Accidental Fire",
        "color": "#ef4444",
        "confidence": 82.3,
        "is_accidental": true,
        "elevation_m": 193.0,
        "tropomi_no2": 6.688647345264453e-05,
        "tropomi_so2": 9.63338364651482e-05,
        "timestamp": "2024-11-17"
      }
    },
    {
      "type": "Feature",
      "geometry": {
        "type": "Point",
        "coordinates": [
          86.0915,
          23.6756
        ]
      },
      "properties": {
        "id": "HW-1079",
        "latitude": 23.6756,
        "longitude": 86.0915,
        "frp_mw": 8.0,
        "class_id": 4,
        "class_name": "Accidental Fire",
        "color": "#ef4444",
        "confidence": 85.2,
        "is_accidental": true,
        "elevation_m": 241.0,
        "tropomi_no2": 0.0001514599406771,
        "tropomi_so2": 0.0002515379889729,
        "timestamp": "2024-01-08"
      }
    },
    {
      "type": "Feature",
      "geometry": {
        "type": "Point",
        "coordinates": [
          76.97779,
          24.6385
        ]
      },
      "properties": {
        "id": "HW-1080",
        "latitude": 24.6385,
        "longitude": 76.97779,
        "frp_mw": 6.58,
        "class_id": 1,
        "class_name": "Agricultural",
        "color": "#eab308",
        "confidence": 100.0,
        "is_accidental": false,
        "elevation_m": 362.0,
        "tropomi_no2": 0.0001288457897867,
        "tropomi_so2": 0.0002965833029706,
        "timestamp": "2024-10-23"
      }
    },
    {
      "type": "Feature",
      "geometry": {
        "type": "Point",
        "coordinates": [
          80.07535,
          23.8335
        ]
      },
      "properties": {
        "id": "HW-1081",
        "latitude": 23.8335,
        "longitude": 80.07535,
        "frp_mw": 3.68,
        "class_id": 0,
        "class_name": "Wildfire",
        "color": "#10b981",
        "confidence": 100.0,
        "is_accidental": false,
        "elevation_m": 558.0,
        "tropomi_no2": 7.075210482854065e-05,
        "tropomi_so2": 0.0001624420724478,
        "timestamp": "2024-03-27"
      }
    },
    {
      "type": "Feature",
      "geometry": {
        "type": "Point",
        "coordinates": [
          86.09618,
          23.68209
        ]
      },
      "properties": {
        "id": "HW-1082",
        "latitude": 23.68209,
        "longitude": 86.09618,
        "frp_mw": 10.33,
        "class_id": 4,
        "class_name": "Accidental Fire",
        "color": "#ef4444",
        "confidence": 65.1,
        "is_accidental": true,
        "elevation_m": 230.0,
        "tropomi_no2": 0.0001514599406771,
        "tropomi_so2": 0.0002515379889729,
        "timestamp": "2024-12-11"
      }
    },
    {
      "type": "Feature",
      "geometry": {
        "type": "Point",
        "coordinates": [
          75.05636,
          16.63262
        ]
      },
      "properties": {
        "id": "HW-1083",
        "latitude": 16.63262,
        "longitude": 75.05636,
        "frp_mw": 3.94,
        "class_id": 1,
        "class_name": "Agricultural",
        "color": "#eab308",
        "confidence": 100.0,
        "is_accidental": false,
        "elevation_m": 548.0,
        "tropomi_no2": 6.276303996948837e-05,
        "tropomi_so2": 0.0001230872885975,
        "timestamp": "2024-12-04"
      }
    },
    {
      "type": "Feature",
      "geometry": {
        "type": "Point",
        "coordinates": [
          95.40385,
          27.60539
        ]
      },
      "properties": {
        "id": "HW-1084",
        "latitude": 27.60539,
        "longitude": 95.40385,
        "frp_mw": 3.03,
        "class_id": 3,
        "class_name": "Gas Flare",
        "color": "#8b5cf6",
        "confidence": 100.0,
        "is_accidental": false,
        "elevation_m": 123.0,
        "tropomi_no2": 5.9730839323749715e-05,
        "tropomi_so2": 0.0001582509533252,
        "timestamp": "2024-12-24"
      }
    },
    {
      "type": "Feature",
      "geometry": {
        "type": "Point",
        "coordinates": [
          80.67226,
          18.14084
        ]
      },
      "properties": {
        "id": "HW-1085",
        "latitude": 18.14084,
        "longitude": 80.67226,
        "frp_mw": 2.66,
        "class_id": 0,
        "class_name": "Wildfire",
        "color": "#10b981",
        "confidence": 100.0,
        "is_accidental": false,
        "elevation_m": 72.0,
        "tropomi_no2": 7.986428534715897e-05,
        "tropomi_so2": 0.0001481659227989,
        "timestamp": "2024-05-10"
      }
    },
    {
      "type": "Feature",
      "geometry": {
        "type": "Point",
        "coordinates": [
          86.40229,
          23.67482
        ]
      },
      "properties": {
        "id": "HW-1086",
        "latitude": 23.67482,
        "longitude": 86.40229,
        "frp_mw": 1.41,
        "class_id": 1,
        "class_name": "Agricultural",
        "color": "#eab308",
        "confidence": 100.0,
        "is_accidental": false,
        "elevation_m": 139.0,
        "tropomi_no2": 0.0001270935433371,
        "tropomi_so2": 0.0002758485685156,
        "timestamp": "2024-11-26"
      }
    },
    {
      "type": "Feature",
      "geometry": {
        "type": "Point",
        "coordinates": [
          73.04,
          18.68566
        ]
      },
      "properties": {
        "id": "HW-1087",
        "latitude": 18.68566,
        "longitude": 73.04,
        "frp_mw": 10.52,
        "class_id": 4,
        "class_name": "Accidental Fire",
        "color": "#ef4444",
        "confidence": 92.7,
        "is_accidental": true,
        "elevation_m": 3.0,
        "tropomi_no2": 0.0001332861968805,
        "tropomi_so2": 0.0001198857662272,
        "timestamp": "2024-04-24"
      }
    },
    {
      "type": "Feature",
      "geometry": {
        "type": "Point",
        "coordinates": [
          72.35734,
          23.41522
        ]
      },
      "properties": {
        "id": "HW-1088",
        "latitude": 23.41522,
        "longitude": 72.35734,
        "frp_mw": 1.15,
        "class_id": 3,
        "class_name": "Gas Flare",
        "color": "#8b5cf6",
        "confidence": 100.0,
        "is_accidental": false,
        "elevation_m": 80.0,
        "tropomi_no2": 7.891950613279839e-05,
        "tropomi_so2": 9.419199812680388e-05,
        "timestamp": "2024-04-16"
      }
    },
    {
      "type": "Feature",
      "geometry": {
        "type": "Point",
        "coordinates": [
          84.01479,
          21.76396
        ]
      },
      "properties": {
        "id": "HW-1089",
        "latitude": 21.76396,
        "longitude": 84.01479,
        "frp_mw": 2.62,
        "class_id": 2,
        "class_name": "Industrial Persistent",
        "color": "#3b82f6",
        "confidence": 100.0,
        "is_accidental": false,
        "elevation_m": 216.0,
        "tropomi_no2": 0.0002647564691818,
        "tropomi_so2": 0.0012821766136909,
        "timestamp": "2024-02-03"
      }
    },
    {
      "type": "Feature",
      "geometry": {
        "type": "Point",
        "coordinates": [
          80.9386,
          15.96345
        ]
      },
      "properties": {
        "id": "HW-1090",
        "latitude": 15.96345,
        "longitude": 80.9386,
        "frp_mw": 0.29,
        "class_id": 3,
        "class_name": "Gas Flare",
        "color": "#8b5cf6",
        "confidence": 100.0,
        "is_accidental": false,
        "elevation_m": 7.0,
        "tropomi_no2": 5.4636574822598846e-05,
        "tropomi_so2": 2.0187545952117883e-05,
        "timestamp": "2024-03-10"
      }
    },
    {
      "type": "Feature",
      "geometry": {
        "type": "Point",
        "coordinates": [
          83.22947,
          21.97819
        ]
      },
      "properties": {
        "id": "HW-1091",
        "latitude": 21.97819,
        "longitude": 83.22947,
        "frp_mw": 11.53,
        "class_id": 4,
        "class_name": "Accidental Fire",
        "color": "#ef4444",
        "confidence": 87.7,
        "is_accidental": true,
        "elevation_m": 234.0,
        "tropomi_no2": 0.0002058494835855,
        "tropomi_so2": 0.000744055186333,
        "timestamp": "2024-05-08"
      }
    },
    {
      "type": "Feature",
      "geometry": {
        "type": "Point",
        "coordinates": [
          95.46861,
          27.46158
        ]
      },
      "properties": {
        "id": "HW-1092",
        "latitude": 27.46158,
        "longitude": 95.46861,
        "frp_mw": 0.81,
        "class_id": 3,
        "class_name": "Gas Flare",
        "color": "#8b5cf6",
        "confidence": 100.0,
        "is_accidental": false,
        "elevation_m": 132.0,
        "tropomi_no2": 6.331676310163203e-05,
        "tropomi_so2": 0.000140503805622,
        "timestamp": "2024-12-07"
      }
    },
    {
      "type": "Feature",
      "geometry": {
        "type": "Point",
        "coordinates": [
          94.50754,
          26.77158
        ]
      },
      "properties": {
        "id": "HW-1093",
        "latitude": 26.77158,
        "longitude": 94.50754,
        "frp_mw": 0.24,
        "class_id": 3,
        "class_name": "Gas Flare",
        "color": "#8b5cf6",
        "confidence": 100.0,
        "is_accidental": false,
        "elevation_m": 109.0,
        "tropomi_no2": 6.371898835547716e-05,
        "tropomi_so2": 0.0001495563701094,
        "timestamp": "2024-01-28"
      }
    },
    {
      "type": "Feature",
      "geometry": {
        "type": "Point",
        "coordinates": [
          88.12333,
          22.06561
        ]
      },
      "properties": {
        "id": "HW-1094",
        "latitude": 22.06561,
        "longitude": 88.12333,
        "frp_mw": 27.44,
        "class_id": 4,
        "class_name": "Accidental Fire",
        "color": "#ef4444",
        "confidence": 96.6,
        "is_accidental": true,
        "elevation_m": 4.0,
        "tropomi_no2": 0.0001232266872302,
        "tropomi_so2": 0.0004171188100003,
        "timestamp": "2024-04-22"
      }
    },
    {
      "type": "Feature",
      "geometry": {
        "type": "Point",
        "coordinates": [
          95.26783,
          27.31594
        ]
      },
      "properties": {
        "id": "HW-1095",
        "latitude": 27.31594,
        "longitude": 95.26783,
        "frp_mw": 1.45,
        "class_id": 3,
        "class_name": "Gas Flare",
        "color": "#8b5cf6",
        "confidence": 100.0,
        "is_accidental": false,
        "elevation_m": 119.0,
        "tropomi_no2": 6.714673233125557e-05,
        "tropomi_so2": 0.0001560516639259,
        "timestamp": "2024-11-11"
      }
    },
    {
      "type": "Feature",
      "geometry": {
        "type": "Point",
        "coordinates": [
          85.17478,
          20.97149
        ]
      },
      "properties": {
        "id": "HW-1096",
        "latitude": 20.97149,
        "longitude": 85.17478,
        "frp_mw": 8.53,
        "class_id": 0,
        "class_name": "Wildfire",
        "color": "#10b981",
        "confidence": 100.0,
        "is_accidental": false,
        "elevation_m": 99.0,
        "tropomi_no2": 0.0001632131362717,
        "tropomi_so2": 0.0005928328992944,
        "timestamp": "2024-10-13"
      }
    },
    {
      "type": "Feature",
      "geometry": {
        "type": "Point",
        "coordinates": [
          74.16425,
          23.53637
        ]
      },
      "properties": {
        "id": "HW-1097",
        "latitude": 23.53637,
        "longitude": 74.16425,
        "frp_mw": 3.82,
        "class_id": 0,
        "class_name": "Wildfire",
        "color": "#10b981",
        "confidence": 100.0,
        "is_accidental": false,
        "elevation_m": 220.0,
        "tropomi_no2": 7.178684337591683e-05,
        "tropomi_so2": 5.66199284808697e-05,
        "timestamp": "2024-03-17"
      }
    },
    {
      "type": "Feature",
      "geometry": {
        "type": "Point",
        "coordinates": [
          88.12643,
          22.06304
        ]
      },
      "properties": {
        "id": "HW-1098",
        "latitude": 22.06304,
        "longitude": 88.12643,
        "frp_mw": 17.22,
        "class_id": 4,
        "class_name": "Accidental Fire",
        "color": "#ef4444",
        "confidence": 99.1,
        "is_accidental": true,
        "elevation_m": 6.0,
        "tropomi_no2": 0.0001232266872302,
        "tropomi_so2": 0.0004171188100003,
        "timestamp": "2024-01-06"
      }
    },
    {
      "type": "Feature",
      "geometry": {
        "type": "Point",
        "coordinates": [
          80.21978,
          17.79003
        ]
      },
      "properties": {
        "id": "HW-1099",
        "latitude": 17.79003,
        "longitude": 80.21978,
        "frp_mw": 9.54,
        "class_id": 0,
        "class_name": "Wildfire",
        "color": "#10b981",
        "confidence": 100.0,
        "is_accidental": false,
        "elevation_m": 312.0,
        "tropomi_no2": 6.501926906702166e-05,
        "tropomi_so2": 6.876227959578365e-05,
        "timestamp": "2024-04-07"
      }
    },
    {
      "type": "Feature",
      "geometry": {
        "type": "Point",
        "coordinates": [
          86.05106,
          20.95329
        ]
      },
      "properties": {
        "id": "HW-1100",
        "latitude": 20.95329,
        "longitude": 86.05106,
        "frp_mw": 1.22,
        "class_id": 2,
        "class_name": "Industrial Persistent",
        "color": "#3b82f6",
        "confidence": 100.0,
        "is_accidental": false,
        "elevation_m": 57.0,
        "tropomi_no2": 0.0001230620637593,
        "tropomi_so2": 0.0003742244650192,
        "timestamp": "2024-04-04"
      }
    },
    {
      "type": "Feature",
      "geometry": {
        "type": "Point",
        "coordinates": [
          83.2137,
          17.6409
        ]
      },
      "properties": {
        "id": "HW-1101",
        "latitude": 17.6409,
        "longitude": 83.2137,
        "frp_mw": 46.3,
        "class_id": 4,
        "class_name": "Accidental Fire",
        "color": "#ef4444",
        "confidence": 98.1,
        "is_accidental": true,
        "elevation_m": 2.0,
        "tropomi_no2": 9.840981717757196e-05,
        "tropomi_so2": 0.0001888327687041,
        "timestamp": "2024-05-02"
      }
    },
    {
      "type": "Feature",
      "geometry": {
        "type": "Point",
        "coordinates": [
          76.05229,
          31.5832
        ]
      },
      "properties": {
        "id": "HW-1102",
        "latitude": 31.5832,
        "longitude": 76.05229,
        "frp_mw": 1.6,
        "class_id": 0,
        "class_name": "Wildfire",
        "color": "#10b981",
        "confidence": 100.0,
        "is_accidental": false,
        "elevation_m": 534.0,
        "tropomi_no2": 7.993289727432073e-05,
        "tropomi_so2": 0.0001653167723021,
        "timestamp": "2024-05-14"
      }
    },
    {
      "type": "Feature",
      "geometry": {
        "type": "Point",
        "coordinates": [
          80.93567,
          15.96472
        ]
      },
      "properties": {
        "id": "HW-1103",
        "latitude": 15.96472,
        "longitude": 80.93567,
        "frp_mw": 0.52,
        "class_id": 3,
        "class_name": "Gas Flare",
        "color": "#8b5cf6",
        "confidence": 100.0,
        "is_accidental": false,
        "elevation_m": 6.0,
        "tropomi_no2": 5.4636574822598846e-05,
        "tropomi_so2": 2.0187545952117883e-05,
        "timestamp": "2024-02-26"
      }
    },
    {
      "type": "Feature",
      "geometry": {
        "type": "Point",
        "coordinates": [
          69.71803,
          27.03277
        ]
      },
      "properties": {
        "id": "HW-1104",
        "latitude": 27.03277,
        "longitude": 69.71803,
        "frp_mw": 1.4,
        "class_id": 3,
        "class_name": "Gas Flare",
        "color": "#8b5cf6",
        "confidence": 100.0,
        "is_accidental": false,
        "elevation_m": 69.0,
        "tropomi_no2": 6.281851908372637e-05,
        "tropomi_so2": 8.17695904785246e-05,
        "timestamp": "2024-02-19"
      }
    },
    {
      "type": "Feature",
      "geometry": {
        "type": "Point",
        "coordinates": [
          77.79089,
          10.27323
        ]
      },
      "properties": {
        "id": "HW-1105",
        "latitude": 10.27323,
        "longitude": 77.79089,
        "frp_mw": 12.18,
        "class_id": 0,
        "class_name": "Wildfire",
        "color": "#10b981",
        "confidence": 100.0,
        "is_accidental": false,
        "elevation_m": 390.0,
        "tropomi_no2": 5.3980927358681886e-05,
        "tropomi_so2": 4.9272736302372173e-05,
        "timestamp": "2024-04-25"
      }
    },
    {
      "type": "Feature",
      "geometry": {
        "type": "Point",
        "coordinates": [
          95.39677,
          27.53543
        ]
      },
      "properties": {
        "id": "HW-1106",
        "latitude": 27.53543,
        "longitude": 95.39677,
        "frp_mw": 0.81,
        "class_id": 3,
        "class_name": "Gas Flare",
        "color": "#8b5cf6",
        "confidence": 100.0,
        "is_accidental": false,
        "elevation_m": 126.0,
        "tropomi_no2": 6.332779091982854e-05,
        "tropomi_so2": 0.0001830959823261,
        "timestamp": "2024-12-24"
      }
    },
    {
      "type": "Feature",
      "geometry": {
        "type": "Point",
        "coordinates": [
          85.25392,
          20.79316
        ]
      },
      "properties": {
        "id": "HW-1107",
        "latitude": 20.79316,
        "longitude": 85.25392,
        "frp_mw": 6.02,
        "class_id": 2,
        "class_name": "Industrial Persistent",
        "color": "#3b82f6",
        "confidence": 98.5,
        "is_accidental": false,
        "elevation_m": 89.0,
        "tropomi_no2": 0.0001945068755857,
        "tropomi_so2": 0.000697211145744,
        "timestamp": "2024-11-01"
      }
    },
    {
      "type": "Feature",
      "geometry": {
        "type": "Point",
        "coordinates": [
          81.28449,
          16.35984
        ]
      },
      "properties": {
        "id": "HW-1108",
        "latitude": 16.35984,
        "longitude": 81.28449,
        "frp_mw": 0.55,
        "class_id": 3,
        "class_name": "Gas Flare",
        "color": "#8b5cf6",
        "confidence": 100.0,
        "is_accidental": false,
        "elevation_m": 6.0,
        "tropomi_no2": 6.057667193635707e-05,
        "tropomi_so2": 5.0290480237137974e-05,
        "timestamp": "2024-12-20"
      }
    },
    {
      "type": "Feature",
      "geometry": {
        "type": "Point",
        "coordinates": [
          85.8187,
          22.92166
        ]
      },
      "properties": {
        "id": "HW-1109",
        "latitude": 22.92166,
        "longitude": 85.8187,
        "frp_mw": 2.8,
        "class_id": 1,
        "class_name": "Agricultural",
        "color": "#eab308",
        "confidence": 100.0,
        "is_accidental": false,
        "elevation_m": 484.0,
        "tropomi_no2": 8.014387531797516e-05,
        "tropomi_so2": 0.0001816626447483,
        "timestamp": "2024-05-05"
      }
    },
    {
      "type": "Feature",
      "geometry": {
        "type": "Point",
        "coordinates": [
          78.1408,
          18.16607
        ]
      },
      "properties": {
        "id": "HW-1110",
        "latitude": 18.16607,
        "longitude": 78.1408,
        "frp_mw": 7.72,
        "class_id": 1,
        "class_name": "Agricultural",
        "color": "#eab308",
        "confidence": 100.0,
        "is_accidental": false,
        "elevation_m": 458.0,
        "tropomi_no2": 6.502042646212489e-05,
        "tropomi_so2": 9.874157151581272e-05,
        "timestamp": "2024-04-27"
      }
    },
    {
      "type": "Feature",
      "geometry": {
        "type": "Point",
        "coordinates": [
          76.6573,
          15.1771
        ]
      },
      "properties": {
        "id": "HW-1111",
        "latitude": 15.1771,
        "longitude": 76.6573,
        "frp_mw": 6.2,
        "class_id": 4,
        "class_name": "Accidental Fire",
        "color": "#ef4444",
        "confidence": 76.5,
        "is_accidental": true,
        "elevation_m": 495.0,
        "tropomi_no2": 0.0001483026758164,
        "tropomi_so2": 0.0002799090606206,
        "timestamp": "2024-12-07"
      }
    },
    {
      "type": "Feature",
      "geometry": {
        "type": "Point",
        "coordinates": [
          95.39948,
          27.60635
        ]
      },
      "properties": {
        "id": "HW-1112",
        "latitude": 27.60635,
        "longitude": 95.39948,
        "frp_mw": 0.78,
        "class_id": 3,
        "class_name": "Gas Flare",
        "color": "#8b5cf6",
        "confidence": 100.0,
        "is_accidental": false,
        "elevation_m": 123.0,
        "tropomi_no2": 5.9730839323749715e-05,
        "tropomi_so2": 0.0001582509533252,
        "timestamp": "2024-12-17"
      }
    },
    {
      "type": "Feature",
      "geometry": {
        "type": "Point",
        "coordinates": [
          75.06857,
          21.34657
        ]
      },
      "properties": {
        "id": "HW-1113",
        "latitude": 21.34657,
        "longitude": 75.06857,
        "frp_mw": 6.95,
        "class_id": 0,
        "class_name": "Wildfire",
        "color": "#10b981",
        "confidence": 100.0,
        "is_accidental": false,
        "elevation_m": 343.0,
        "tropomi_no2": 6.561875165834957e-05,
        "tropomi_so2": 0.000126043717473,
        "timestamp": "2024-05-28"
      }
    },
    {
      "type": "Feature",
      "geometry": {
        "type": "Point",
        "coordinates": [
          73.43953,
          28.35445
        ]
      },
      "properties": {
        "id": "HW-1114",
        "latitude": 28.35445,
        "longitude": 73.43953,
        "frp_mw": 7.57,
        "class_id": 4,
        "class_name": "Accidental Fire",
        "color": "#ef4444",
        "confidence": 88.6,
        "is_accidental": true,
        "elevation_m": 202.0,
        "tropomi_no2": 6.682004165093804e-05,
        "tropomi_so2": 7.102631209684466e-05,
        "timestamp": "2024-11-17"
      }
    },
    {
      "type": "Feature",
      "geometry": {
        "type": "Point",
        "coordinates": [
          87.14309,
          23.61068
        ]
      },
      "properties": {
        "id": "HW-1115",
        "latitude": 23.61068,
        "longitude": 87.14309,
        "frp_mw": 0.48,
        "class_id": 2,
        "class_name": "Industrial Persistent",
        "color": "#3b82f6",
        "confidence": 100.0,
        "is_accidental": false,
        "elevation_m": 86.0,
        "tropomi_no2": 0.0001610847232852,
        "tropomi_so2": 0.0003265637892426,
        "timestamp": "2024-12-31"
      }
    },
    {
      "type": "Feature",
      "geometry": {
        "type": "Point",
        "coordinates": [
          86.39964,
          23.77053
        ]
      },
      "properties": {
        "id": "HW-1116",
        "latitude": 23.77053,
        "longitude": 86.39964,
        "frp_mw": 1.3,
        "class_id": 2,
        "class_name": "Industrial Persistent",
        "color": "#3b82f6",
        "confidence": 100.0,
        "is_accidental": false,
        "elevation_m": 211.0,
        "tropomi_no2": 0.0001108802736719,
        "tropomi_so2": 0.000206613311642,
        "timestamp": "2024-03-21"
      }
    },
    {
      "type": "Feature",
      "geometry": {
        "type": "Point",
        "coordinates": [
          83.92474,
          21.66181
        ]
      },
      "properties": {
        "id": "HW-1117",
        "latitude": 21.66181,
        "longitude": 83.92474,
        "frp_mw": 0.58,
        "class_id": 2,
        "class_name": "Industrial Persistent",
        "color": "#3b82f6",
        "confidence": 100.0,
        "is_accidental": false,
        "elevation_m": 202.0,
        "tropomi_no2": 0.0001787510207153,
        "tropomi_so2": 0.0008946994380727,
        "timestamp": "2024-02-08"
      }
    },
    {
      "type": "Feature",
      "geometry": {
        "type": "Point",
        "coordinates": [
          83.18597,
          27.0706
        ]
      },
      "properties": {
        "id": "HW-1118",
        "latitude": 27.0706,
        "longitude": 83.18597,
        "frp_mw": 4.52,
        "class_id": 1,
        "class_name": "Agricultural",
        "color": "#eab308",
        "confidence": 100.0,
        "is_accidental": false,
        "elevation_m": 82.0,
        "tropomi_no2": 7.849599242662929e-05,
        "tropomi_so2": 0.0001162817586778,
        "timestamp": "2024-05-06"
      }
    },
    {
      "type": "Feature",
      "geometry": {
        "type": "Point",
        "coordinates": [
          80.36856,
          19.00334
        ]
      },
      "properties": {
        "id": "HW-1119",
        "latitude": 19.00334,
        "longitude": 80.36856,
        "frp_mw": 3.53,
        "class_id": 0,
        "class_name": "Wildfire",
        "color": "#10b981",
        "confidence": 100.0,
        "is_accidental": false,
        "elevation_m": 425.0,
        "tropomi_no2": 6.317285550833518e-05,
        "tropomi_so2": 0.0001325647126841,
        "timestamp": "2024-04-03"
      }
    },
    {
      "type": "Feature",
      "geometry": {
        "type": "Point",
        "coordinates": [
          85.25485,
          20.79791
        ]
      },
      "properties": {
        "id": "HW-1120",
        "latitude": 20.79791,
        "longitude": 85.25485,
        "frp_mw": 2.65,
        "class_id": 2,
        "class_name": "Industrial Persistent",
        "color": "#3b82f6",
        "confidence": 100.0,
        "is_accidental": false,
        "elevation_m": 90.0,
        "tropomi_no2": 0.0001945068755857,
        "tropomi_so2": 0.000697211145744,
        "timestamp": "2024-11-19"
      }
    },
    {
      "type": "Feature",
      "geometry": {
        "type": "Point",
        "coordinates": [
          83.55386,
          19.03868
        ]
      },
      "properties": {
        "id": "HW-1121",
        "latitude": 19.03868,
        "longitude": 83.55386,
        "frp_mw": 5.02,
        "class_id": 1,
        "class_name": "Agricultural",
        "color": "#eab308",
        "confidence": 100.0,
        "is_accidental": false,
        "elevation_m": 654.0,
        "tropomi_no2": 5.8559964873540115e-05,
        "tropomi_so2": 0.0001296669988614,
        "timestamp": "2024-04-05"
      }
    },
    {
      "type": "Feature",
      "geometry": {
        "type": "Point",
        "coordinates": [
          94.67059,
          26.78575
        ]
      },
      "properties": {
        "id": "HW-1122",
        "latitude": 26.78575,
        "longitude": 94.67059,
        "frp_mw": 0.29,
        "class_id": 3,
        "class_name": "Gas Flare",
        "color": "#8b5cf6",
        "confidence": 100.0,
        "is_accidental": false,
        "elevation_m": 113.0,
        "tropomi_no2": 6.416631954930222e-05,
        "tropomi_so2": 0.0001116548557387,
        "timestamp": "2024-03-08"
      }
    },
    {
      "type": "Feature",
      "geometry": {
        "type": "Point",
        "coordinates": [
          80.19293,
          27.57932
        ]
      },
      "properties": {
        "id": "HW-1123",
        "latitude": 27.57932,
        "longitude": 80.19293,
        "frp_mw": 2.58,
        "class_id": 1,
        "class_name": "Agricultural",
        "color": "#eab308",
        "confidence": 100.0,
        "is_accidental": false,
        "elevation_m": 146.0,
        "tropomi_no2": 8.501293721160279e-05,
        "tropomi_so2": 0.0001639150580095,
        "timestamp": "2024-12-21"
      }
    },
    {
      "type": "Feature",
      "geometry": {
        "type": "Point",
        "coordinates": [
          72.89159,
          19.02271
        ]
      },
      "properties": {
        "id": "HW-1124",
        "latitude": 19.02271,
        "longitude": 72.89159,
        "frp_mw": 0.57,
        "class_id": 2,
        "class_name": "Industrial Persistent",
        "color": "#3b82f6",
        "confidence": 100.0,
        "is_accidental": false,
        "elevation_m": 5.0,
        "tropomi_no2": 0.0001523768922908,
        "tropomi_so2": 0.0002289726782908,
        "timestamp": "2024-05-21"
      }
    },
    {
      "type": "Feature",
      "geometry": {
        "type": "Point",
        "coordinates": [
          84.02119,
          21.77272
        ]
      },
      "properties": {
        "id": "HW-1125",
        "latitude": 21.77272,
        "longitude": 84.02119,
        "frp_mw": 1.49,
        "class_id": 2,
        "class_name": "Industrial Persistent",
        "color": "#3b82f6",
        "confidence": 100.0,
        "is_accidental": false,
        "elevation_m": 220.0,
        "tropomi_no2": 0.0002647564691818,
        "tropomi_so2": 0.0012821766136909,
        "timestamp": "2024-09-30"
      }
    },
    {
      "type": "Feature",
      "geometry": {
        "type": "Point",
        "coordinates": [
          78.01645,
          20.80537
        ]
      },
      "properties": {
        "id": "HW-1126",
        "latitude": 20.80537,
        "longitude": 78.01645,
        "frp_mw": 7.11,
        "class_id": 4,
        "class_name": "Accidental Fire",
        "color": "#ef4444",
        "confidence": 90.8,
        "is_accidental": true,
        "elevation_m": 346.0,
        "tropomi_no2": 6.891501952961325e-05,
        "tropomi_so2": 0.0001981221016371,
        "timestamp": "2024-02-10"
      }
    },
    {
      "type": "Feature",
      "geometry": {
        "type": "Point",
        "coordinates": [
          87.28054,
          22.37903
        ]
      },
      "properties": {
        "id": "HW-1127",
        "latitude": 22.37903,
        "longitude": 87.28054,
        "frp_mw": 2.28,
        "class_id": 2,
        "class_name": "Industrial Persistent",
        "color": "#3b82f6",
        "confidence": 100.0,
        "is_accidental": false,
        "elevation_m": 36.0,
        "tropomi_no2": 0.0001170657652434,
        "tropomi_so2": 0.0003903009764129,
        "timestamp": "2024-11-14"
      }
    },
    {
      "type": "Feature",
      "geometry": {
        "type": "Point",
        "coordinates": [
          73.96457,
          24.97174
        ]
      },
      "properties": {
        "id": "HW-1128",
        "latitude": 24.97174,
        "longitude": 73.96457,
        "frp_mw": 12.35,
        "class_id": 1,
        "class_name": "Agricultural",
        "color": "#eab308",
        "confidence": 100.0,
        "is_accidental": false,
        "elevation_m": 557.0,
        "tropomi_no2": 7.476877603723892e-05,
        "tropomi_so2": 8.44405611951052e-05,
        "timestamp": "2024-05-06"
      }
    },
    {
      "type": "Feature",
      "geometry": {
        "type": "Point",
        "coordinates": [
          81.28402,
          16.36072
        ]
      },
      "properties": {
        "id": "HW-1129",
        "latitude": 16.36072,
        "longitude": 81.28402,
        "frp_mw": 0.42,
        "class_id": 3,
        "class_name": "Gas Flare",
        "color": "#8b5cf6",
        "confidence": 100.0,
        "is_accidental": false,
        "elevation_m": 5.0,
        "tropomi_no2": 6.057667193635707e-05,
        "tropomi_so2": 5.0290480237137974e-05,
        "timestamp": "2024-11-02"
      }
    },
    {
      "type": "Feature",
      "geometry": {
        "type": "Point",
        "coordinates": [
          79.39955,
          29.48992
        ]
      },
      "properties": {
        "id": "HW-1130",
        "latitude": 29.48992,
        "longitude": 79.39955,
        "frp_mw": 1.26,
        "class_id": 0,
        "class_name": "Wildfire",
        "color": "#10b981",
        "confidence": 100.0,
        "is_accidental": false,
        "elevation_m": 1988.0,
        "tropomi_no2": 6.320264890269019e-05,
        "tropomi_so2": 0.0001362679189161,
        "timestamp": "2024-05-07"
      }
    },
    {
      "type": "Feature",
      "geometry": {
        "type": "Point",
        "coordinates": [
          93.38528,
          25.05518
        ]
      },
      "properties": {
        "id": "HW-1131",
        "latitude": 25.05518,
        "longitude": 93.38528,
        "frp_mw": 11.94,
        "class_id": 1,
        "class_name": "Agricultural",
        "color": "#eab308",
        "confidence": 100.0,
        "is_accidental": false,
        "elevation_m": 210.0,
        "tropomi_no2": 5.885277427163723e-05,
        "tropomi_so2": 4.984290310012934e-05,
        "timestamp": "2024-04-11"
      }
    },
    {
      "type": "Feature",
      "geometry": {
        "type": "Point",
        "coordinates": [
          76.65213,
          15.1799
        ]
      },
      "properties": {
        "id": "HW-1132",
        "latitude": 15.1799,
        "longitude": 76.65213,
        "frp_mw": 11.01,
        "class_id": 4,
        "class_name": "Accidental Fire",
        "color": "#ef4444",
        "confidence": 90.7,
        "is_accidental": true,
        "elevation_m": 488.0,
        "tropomi_no2": 0.00016239002663,
        "tropomi_so2": 0.0003009042456449,
        "timestamp": "2024-04-02"
      }
    },
    {
      "type": "Feature",
      "geometry": {
        "type": "Point",
        "coordinates": [
          86.29032,
          23.63356
        ]
      },
      "properties": {
        "id": "HW-1133",
        "latitude": 23.63356,
        "longitude": 86.29032,
        "frp_mw": 1.26,
        "class_id": 2,
        "class_name": "Industrial Persistent",
        "color": "#3b82f6",
        "confidence": 100.0,
        "is_accidental": false,
        "elevation_m": 182.0,
        "tropomi_no2": 0.000123411263145,
        "tropomi_so2": 0.0003353140955436,
        "timestamp": "2024-11-08"
      }
    },
    {
      "type": "Feature",
      "geometry": {
        "type": "Point",
        "coordinates": [
          82.0695,
          21.0688
        ]
      },
      "properties": {
        "id": "HW-1134",
        "latitude": 21.0688,
        "longitude": 82.0695,
        "frp_mw": 6.76,
        "class_id": 1,
        "class_name": "Agricultural",
        "color": "#eab308",
        "confidence": 100.0,
        "is_accidental": false,
        "elevation_m": 283.0,
        "tropomi_no2": 8.347640190164961e-05,
        "tropomi_so2": 0.0002672412241086,
        "timestamp": "2024-12-17"
      }
    },
    {
      "type": "Feature",
      "geometry": {
        "type": "Point",
        "coordinates": [
          78.79127,
          16.2142
        ]
      },
      "properties": {
        "id": "HW-1135",
        "latitude": 16.2142,
        "longitude": 78.79127,
        "frp_mw": 3.89,
        "class_id": 0,
        "class_name": "Wildfire",
        "color": "#10b981",
        "confidence": 100.0,
        "is_accidental": false,
        "elevation_m": 626.0,
        "tropomi_no2": 5.8135033505039954e-05,
        "tropomi_so2": 8.09882673773551e-05,
        "timestamp": "2024-02-22"
      }
    },
    {
      "type": "Feature",
      "geometry": {
        "type": "Point",
        "coordinates": [
          79.07967,
          19.98469
        ]
      },
      "properties": {
        "id": "HW-1136",
        "latitude": 19.98469,
        "longitude": 79.07967,
        "frp_mw": 0.86,
        "class_id": 1,
        "class_name": "Agricultural",
        "color": "#eab308",
        "confidence": 100.0,
        "is_accidental": false,
        "elevation_m": 193.0,
        "tropomi_no2": 0.000107953001852,
        "tropomi_so2": 0.0003433493496659,
        "timestamp": "2024-03-25"
      }
    },
    {
      "type": "Feature",
      "geometry": {
        "type": "Point",
        "coordinates": [
          76.94239,
          25.72631
        ]
      },
      "properties": {
        "id": "HW-1137",
        "latitude": 25.72631,
        "longitude": 76.94239,
        "frp_mw": 16.11,
        "class_id": 0,
        "class_name": "Wildfire",
        "color": "#10b981",
        "confidence": 100.0,
        "is_accidental": false,
        "elevation_m": 360.0,
        "tropomi_no2": 6.848533188630158e-05,
        "tropomi_so2": 9.034005272404104e-05,
        "timestamp": "2024-05-24"
      }
    },
    {
      "type": "Feature",
      "geometry": {
        "type": "Point",
        "coordinates": [
          77.46351,
          10.12066
        ]
      },
      "properties": {
        "id": "HW-1138",
        "latitude": 10.12066,
        "longitude": 77.46351,
        "frp_mw": 10.89,
        "class_id": 0,
        "class_name": "Wildfire",
        "color": "#10b981",
        "confidence": 100.0,
        "is_accidental": false,
        "elevation_m": 638.0,
        "tropomi_no2": 4.76751210561415e-05,
        "tropomi_so2": 3.249560716764143e-05,
        "timestamp": "2024-03-31"
      }
    },
    {
      "type": "Feature",
      "geometry": {
        "type": "Point",
        "coordinates": [
          84.9818,
          20.88873
        ]
      },
      "properties": {
        "id": "HW-1139",
        "latitude": 20.88873,
        "longitude": 84.9818,
        "frp_mw": 1.66,
        "class_id": 2,
        "class_name": "Industrial Persistent",
        "color": "#3b82f6",
        "confidence": 100.0,
        "is_accidental": false,
        "elevation_m": 168.0,
        "tropomi_no2": 0.0001529256339238,
        "tropomi_so2": 0.0005609608248894,
        "timestamp": "2024-04-15"
      }
    },
    {
      "type": "Feature",
      "geometry": {
        "type": "Point",
        "coordinates": [
          82.94968,
          23.61465
        ]
      },
      "properties": {
        "id": "HW-1140",
        "latitude": 23.61465,
        "longitude": 82.94968,
        "frp_mw": 5.38,
        "class_id": 0,
        "class_name": "Wildfire",
        "color": "#10b981",
        "confidence": 100.0,
        "is_accidental": false,
        "elevation_m": 641.0,
        "tropomi_no2": 0.0001077254071607,
        "tropomi_so2": 0.0003135247451587,
        "timestamp": "2024-04-23"
      }
    },
    {
      "type": "Feature",
      "geometry": {
        "type": "Point",
        "coordinates": [
          86.00445,
          20.97299
        ]
      },
      "properties": {
        "id": "HW-1141",
        "latitude": 20.97299,
        "longitude": 86.00445,
        "frp_mw": 1.12,
        "class_id": 2,
        "class_name": "Industrial Persistent",
        "color": "#3b82f6",
        "confidence": 100.0,
        "is_accidental": false,
        "elevation_m": 62.0,
        "tropomi_no2": 0.0001204969499804,
        "tropomi_so2": 0.0003539957287168,
        "timestamp": "2024-11-13"
      }
    },
    {
      "type": "Feature",
      "geometry": {
        "type": "Point",
        "coordinates": [
          83.35609,
          21.92133
        ]
      },
      "properties": {
        "id": "HW-1142",
        "latitude": 21.92133,
        "longitude": 83.35609,
        "frp_mw": 7.24,
        "class_id": 4,
        "class_name": "Accidental Fire",
        "color": "#ef4444",
        "confidence": 78.7,
        "is_accidental": true,
        "elevation_m": 236.0,
        "tropomi_no2": 0.0001921258447415,
        "tropomi_so2": 0.000715378609772,
        "timestamp": "2024-11-14"
      }
    },
    {
      "type": "Feature",
      "geometry": {
        "type": "Point",
        "coordinates": [
          74.34592,
          33.03887
        ]
      },
      "properties": {
        "id": "HW-1143",
        "latitude": 33.03887,
        "longitude": 74.34592,
        "frp_mw": 3.58,
        "class_id": 0,
        "class_name": "Wildfire",
        "color": "#10b981",
        "confidence": 100.0,
        "is_accidental": false,
        "elevation_m": 749.0,
        "tropomi_no2": 7.124655701741313e-05,
        "tropomi_so2": 0.0002899025331032,
        "timestamp": "2024-05-21"
      }
    },
    {
      "type": "Feature",
      "geometry": {
        "type": "Point",
        "coordinates": [
          76.64319,
          15.1843
        ]
      },
      "properties": {
        "id": "HW-1144",
        "latitude": 15.1843,
        "longitude": 76.64319,
        "frp_mw": 1.12,
        "class_id": 2,
        "class_name": "Industrial Persistent",
        "color": "#3b82f6",
        "confidence": 100.0,
        "is_accidental": false,
        "elevation_m": 485.0,
        "tropomi_no2": 0.00016239002663,
        "tropomi_so2": 0.0003009042456449,
        "timestamp": "2024-10-27"
      }
    },
    {
      "type": "Feature",
      "geometry": {
        "type": "Point",
        "coordinates": [
          86.35167,
          24.11902
        ]
      },
      "properties": {
        "id": "HW-1145",
        "latitude": 24.11902,
        "longitude": 86.35167,
        "frp_mw": 0.64,
        "class_id": 2,
        "class_name": "Industrial Persistent",
        "color": "#3b82f6",
        "confidence": 100.0,
        "is_accidental": false,
        "elevation_m": 292.0,
        "tropomi_no2": 8.711212392255572e-05,
        "tropomi_so2": 0.0001590833484682,
        "timestamp": "2024-02-28"
      }
    },
    {
      "type": "Feature",
      "geometry": {
        "type": "Point",
        "coordinates": [
          80.14731,
          19.34991
        ]
      },
      "properties": {
        "id": "HW-1146",
        "latitude": 19.34991,
        "longitude": 80.14731,
        "frp_mw": 9.55,
        "class_id": 0,
        "class_name": "Wildfire",
        "color": "#10b981",
        "confidence": 100.0,
        "is_accidental": false,
        "elevation_m": 219.0,
        "tropomi_no2": 6.56513009720582e-05,
        "tropomi_so2": 0.0001465556790046,
        "timestamp": "2024-04-10"
      }
    },
    {
      "type": "Feature",
      "geometry": {
        "type": "Point",
        "coordinates": [
          88.12896,
          22.05253
        ]
      },
      "properties": {
        "id": "HW-1147",
        "latitude": 22.05253,
        "longitude": 88.12896,
        "frp_mw": 1.66,
        "class_id": 2,
        "class_name": "Industrial Persistent",
        "color": "#3b82f6",
        "confidence": 100.0,
        "is_accidental": false,
        "elevation_m": 3.0,
        "tropomi_no2": 0.0001232266872302,
        "tropomi_so2": 0.0004171188100003,
        "timestamp": "2024-09-10"
      }
    },
    {
      "type": "Feature",
      "geometry": {
        "type": "Point",
        "coordinates": [
          79.10072,
          11.18469
        ]
      },
      "properties": {
        "id": "HW-1148",
        "latitude": 11.18469,
        "longitude": 79.10072,
        "frp_mw": 2.08,
        "class_id": 2,
        "class_name": "Industrial Persistent",
        "color": "#3b82f6",
        "confidence": 100.0,
        "is_accidental": false,
        "elevation_m": 99.0,
        "tropomi_no2": 8.02728185266387e-05,
        "tropomi_so2": 0.0001050356544704,
        "timestamp": "2024-04-30"
      }
    },
    {
      "type": "Feature",
      "geometry": {
        "type": "Point",
        "coordinates": [
          78.3839,
          12.85
        ]
      },
      "properties": {
        "id": "HW-1149",
        "latitude": 12.85,
        "longitude": 78.3839,
        "frp_mw": 19.6,
        "class_id": 4,
        "class_name": "Accidental Fire",
        "color": "#ef4444",
        "confidence": 66.9,
        "is_accidental": true,
        "elevation_m": 744.0,
        "tropomi_no2": 5.52578578900981e-05,
        "tropomi_so2": 1.2644642713069504e-05,
        "timestamp": "2024-01-25"
      }
    },
    {
      "type": "Feature",
      "geometry": {
        "type": "Point",
        "coordinates": [
          78.0779,
          23.24116
        ]
      },
      "properties": {
        "id": "HW-1150",
        "latitude": 23.24116,
        "longitude": 78.0779,
        "frp_mw": 7.35,
        "class_id": 0,
        "class_name": "Wildfire",
        "color": "#10b981",
        "confidence": 100.0,
        "is_accidental": false,
        "elevation_m": 595.0,
        "tropomi_no2": 6.567919606960095e-05,
        "tropomi_so2": 9.002053499109099e-05,
        "timestamp": "2024-04-30"
      }
    },
    {
      "type": "Feature",
      "geometry": {
        "type": "Point",
        "coordinates": [
          82.1231,
          27.85282
        ]
      },
      "properties": {
        "id": "HW-1151",
        "latitude": 27.85282,
        "longitude": 82.1231,
        "frp_mw": 4.84,
        "class_id": 1,
        "class_name": "Agricultural",
        "color": "#eab308",
        "confidence": 100.0,
        "is_accidental": false,
        "elevation_m": 189.0,
        "tropomi_no2": 7.264851939795336e-05,
        "tropomi_so2": 0.0001586291195944,
        "timestamp": "2024-04-20"
      }
    },
    {
      "type": "Feature",
      "geometry": {
        "type": "Point",
        "coordinates": [
          81.73047,
          24.05952
        ]
      },
      "properties": {
        "id": "HW-1152",
        "latitude": 24.05952,
        "longitude": 81.73047,
        "frp_mw": 5.21,
        "class_id": 0,
        "class_name": "Wildfire",
        "color": "#10b981",
        "confidence": 100.0,
        "is_accidental": false,
        "elevation_m": 453.0,
        "tropomi_no2": 9.614782412666495e-05,
        "tropomi_so2": 0.0001372581312874,
        "timestamp": "2024-05-29"
      }
    },
    {
      "type": "Feature",
      "geometry": {
        "type": "Point",
        "coordinates": [
          83.9817,
          27.39226
        ]
      },
      "properties": {
        "id": "HW-1153",
        "latitude": 27.39226,
        "longitude": 83.9817,
        "frp_mw": 3.38,
        "class_id": 0,
        "class_name": "Wildfire",
        "color": "#10b981",
        "confidence": 100.0,
        "is_accidental": false,
        "elevation_m": 205.0,
        "tropomi_no2": 7.122769939112672e-05,
        "tropomi_so2": 0.0001097573354803,
        "timestamp": "2024-04-19"
      }
    },
    {
      "type": "Feature",
      "geometry": {
        "type": "Point",
        "coordinates": [
          73.4333,
          28.34278
        ]
      },
      "properties": {
        "id": "HW-1154",
        "latitude": 28.34278,
        "longitude": 73.4333,
        "frp_mw": 18.23,
        "class_id": 4,
        "class_name": "Accidental Fire",
        "color": "#ef4444",
        "confidence": 95.9,
        "is_accidental": true,
        "elevation_m": 203.0,
        "tropomi_no2": 6.682004165093804e-05,
        "tropomi_so2": 7.102631209684466e-05,
        "timestamp": "2024-11-17"
      }
    },
    {
      "type": "Feature",
      "geometry": {
        "type": "Point",
        "coordinates": [
          80.93997,
          15.96371
        ]
      },
      "properties": {
        "id": "HW-1155",
        "latitude": 15.96371,
        "longitude": 80.93997,
        "frp_mw": 0.5,
        "class_id": 3,
        "class_name": "Gas Flare",
        "color": "#8b5cf6",
        "confidence": 100.0,
        "is_accidental": false,
        "elevation_m": 4.0,
        "tropomi_no2": 5.4636574822598846e-05,
        "tropomi_so2": 2.0187545952117883e-05,
        "timestamp": "2024-09-27"
      }
    },
    {
      "type": "Feature",
      "geometry": {
        "type": "Point",
        "coordinates": [
          81.20919,
          19.30366
        ]
      },
      "properties": {
        "id": "HW-1156",
        "latitude": 19.30366,
        "longitude": 81.20919,
        "frp_mw": 6.5,
        "class_id": 0,
        "class_name": "Wildfire",
        "color": "#10b981",
        "confidence": 100.0,
        "is_accidental": false,
        "elevation_m": 638.0,
        "tropomi_no2": 5.929080811500401e-05,
        "tropomi_so2": 0.0001237430851663,
        "timestamp": "2024-04-06"
      }
    },
    {
      "type": "Feature",
      "geometry": {
        "type": "Point",
        "coordinates": [
          86.06136,
          22.87651
        ]
      },
      "properties": {
        "id": "HW-1157",
        "latitude": 22.87651,
        "longitude": 86.06136,
        "frp_mw": 1.71,
        "class_id": 2,
        "class_name": "Industrial Persistent",
        "color": "#3b82f6",
        "confidence": 100.0,
        "is_accidental": false,
        "elevation_m": 174.0,
        "tropomi_no2": 0.0001140476631644,
        "tropomi_so2": 0.0003448970733542,
        "timestamp": "2024-12-15"
      }
    },
    {
      "type": "Feature",
      "geometry": {
        "type": "Point",
        "coordinates": [
          84.0167,
          21.7613
        ]
      },
      "properties": {
        "id": "HW-1158",
        "latitude": 21.7613,
        "longitude": 84.0167,
        "frp_mw": 10.5,
        "class_id": 4,
        "class_name": "Accidental Fire",
        "color": "#ef4444",
        "confidence": 97.8,
        "is_accidental": true,
        "elevation_m": 210.0,
        "tropomi_no2": 0.0002647564691818,
        "tropomi_so2": 0.0012821766136909,
        "timestamp": "2024-02-05"
      }
    },
    {
      "type": "Feature",
      "geometry": {
        "type": "Point",
        "coordinates": [
          79.12135,
          15.7378
        ]
      },
      "properties": {
        "id": "HW-1159",
        "latitude": 15.7378,
        "longitude": 79.12135,
        "frp_mw": 3.8,
        "class_id": 0,
        "class_name": "Wildfire",
        "color": "#10b981",
        "confidence": 100.0,
        "is_accidental": false,
        "elevation_m": 383.0,
        "tropomi_no2": 5.800744115102261e-05,
        "tropomi_so2": 7.26658205355202e-05,
        "timestamp": "2024-04-08"
      }
    },
    {
      "type": "Feature",
      "geometry": {
        "type": "Point",
        "coordinates": [
          80.13908,
          23.07528
        ]
      },
      "properties": {
        "id": "HW-1160",
        "latitude": 23.07528,
        "longitude": 80.13908,
        "frp_mw": 6.57,
        "class_id": 1,
        "class_name": "Agricultural",
        "color": "#eab308",
        "confidence": 100.0,
        "is_accidental": false,
        "elevation_m": 445.0,
        "tropomi_no2": 6.850630098298617e-05,
        "tropomi_so2": 0.0001531234795084,
        "timestamp": "2024-04-17"
      }
    },
    {
      "type": "Feature",
      "geometry": {
        "type": "Point",
        "coordinates": [
          95.4017,
          27.60656
        ]
      },
      "properties": {
        "id": "HW-1161",
        "latitude": 27.60656,
        "longitude": 95.4017,
        "frp_mw": 1.61,
        "class_id": 3,
        "class_name": "Gas Flare",
        "color": "#8b5cf6",
        "confidence": 100.0,
        "is_accidental": false,
        "elevation_m": 123.0,
        "tropomi_no2": 5.9730839323749715e-05,
        "tropomi_so2": 0.0001582509533252,
        "timestamp": "2024-05-15"
      }
    },
    {
      "type": "Feature",
      "geometry": {
        "type": "Point",
        "coordinates": [
          85.26335,
          20.78456
        ]
      },
      "properties": {
        "id": "HW-1162",
        "latitude": 20.78456,
        "longitude": 85.26335,
        "frp_mw": 7.8,
        "class_id": 4,
        "class_name": "Accidental Fire",
        "color": "#ef4444",
        "confidence": 77.6,
        "is_accidental": true,
        "elevation_m": 71.0,
        "tropomi_no2": 0.0001945068755857,
        "tropomi_so2": 0.000697211145744,
        "timestamp": "2024-04-25"
      }
    },
    {
      "type": "Feature",
      "geometry": {
        "type": "Point",
        "coordinates": [
          83.26898,
          19.71886
        ]
      },
      "properties": {
        "id": "HW-1163",
        "latitude": 19.71886,
        "longitude": 83.26898,
        "frp_mw": 2.18,
        "class_id": 0,
        "class_name": "Wildfire",
        "color": "#10b981",
        "confidence": 100.0,
        "is_accidental": false,
        "elevation_m": 923.0,
        "tropomi_no2": 6.501308165148506e-05,
        "tropomi_so2": 0.0001198003728195,
        "timestamp": "2024-04-18"
      }
    },
    {
      "type": "Feature",
      "geometry": {
        "type": "Point",
        "coordinates": [
          73.2512,
          28.2407
        ]
      },
      "properties": {
        "id": "HW-1164",
        "latitude": 28.2407,
        "longitude": 73.2512,
        "frp_mw": 22.2,
        "class_id": 4,
        "class_name": "Accidental Fire",
        "color": "#ef4444",
        "confidence": 53.1,
        "is_accidental": true,
        "elevation_m": 190.0,
        "tropomi_no2": 6.602131303855048e-05,
        "tropomi_so2": 9.611833710316348e-05,
        "timestamp": "2024-10-31"
      }
    },
    {
      "type": "Feature",
      "geometry": {
        "type": "Point",
        "coordinates": [
          72.6479,
          21.1046
        ]
      },
      "properties": {
        "id": "HW-1165",
        "latitude": 21.1046,
        "longitude": 72.6479,
        "frp_mw": 23.59,
        "class_id": 4,
        "class_name": "Accidental Fire",
        "color": "#ef4444",
        "confidence": 95.7,
        "is_accidental": true,
        "elevation_m": 9.0,
        "tropomi_no2": 0.0001151197807873,
        "tropomi_so2": 0.0001460897471915,
        "timestamp": "2024-11-20"
      }
    },
    {
      "type": "Feature",
      "geometry": {
        "type": "Point",
        "coordinates": [
          93.37352,
          24.91963
        ]
      },
      "properties": {
        "id": "HW-1166",
        "latitude": 24.91963,
        "longitude": 93.37352,
        "frp_mw": 16.41,
        "class_id": 0,
        "class_name": "Wildfire",
        "color": "#10b981",
        "confidence": 100.0,
        "is_accidental": false,
        "elevation_m": 422.0,
        "tropomi_no2": 5.887874445035046e-05,
        "tropomi_so2": 7.132291218542165e-05,
        "timestamp": "2024-03-20"
      }
    },
    {
      "type": "Feature",
      "geometry": {
        "type": "Point",
        "coordinates": [
          92.72816,
          22.6269
        ]
      },
      "properties": {
        "id": "HW-1167",
        "latitude": 22.6269,
        "longitude": 92.72816,
        "frp_mw": 6.08,
        "class_id": 0,
        "class_name": "Wildfire",
        "color": "#10b981",
        "confidence": 100.0,
        "is_accidental": false,
        "elevation_m": 492.0,
        "tropomi_no2": 5.9567983315839074e-05,
        "tropomi_so2": 2.8426108759704705e-05,
        "timestamp": "2024-03-08"
      }
    },
    {
      "type": "Feature",
      "geometry": {
        "type": "Point",
        "coordinates": [
          84.03832,
          21.678
        ]
      },
      "properties": {
        "id": "HW-1168",
        "latitude": 21.678,
        "longitude": 84.03832,
        "frp_mw": 6.93,
        "class_id": 4,
        "class_name": "Accidental Fire",
        "color": "#ef4444",
        "confidence": 78.9,
        "is_accidental": true,
        "elevation_m": 194.0,
        "tropomi_no2": 0.0001653205190764,
        "tropomi_so2": 0.0008184102990036,
        "timestamp": "2024-04-03"
      }
    },
    {
      "type": "Feature",
      "geometry": {
        "type": "Point",
        "coordinates": [
          86.8,
          22.2
        ]
      },
      "properties": {
        "id": "HW-1169",
        "latitude": 22.2,
        "longitude": 86.8,
        "frp_mw": 1.1,
        "class_id": 1,
        "class_name": "Agricultural",
        "color": "#eab308",
        "confidence": 100.0,
        "is_accidental": false,
        "elevation_m": 44.0,
        "tropomi_no2": 7.980922408176807e-05,
        "tropomi_so2": 0.0002243808500068,
        "timestamp": "2024-11-15"
      }
    },
    {
      "type": "Feature",
      "geometry": {
        "type": "Point",
        "coordinates": [
          84.55753,
          21.16497
        ]
      },
      "properties": {
        "id": "HW-1170",
        "latitude": 21.16497,
        "longitude": 84.55753,
        "frp_mw": 4.38,
        "class_id": 0,
        "class_name": "Wildfire",
        "color": "#10b981",
        "confidence": 100.0,
        "is_accidental": false,
        "elevation_m": 287.0,
        "tropomi_no2": 7.944360519901035e-05,
        "tropomi_so2": 0.0003102283193898,
        "timestamp": "2024-04-06"
      }
    },
    {
      "type": "Feature",
      "geometry": {
        "type": "Point",
        "coordinates": [
          84.95306,
          23.84144
        ]
      },
      "properties": {
        "id": "HW-1171",
        "latitude": 23.84144,
        "longitude": 84.95306,
        "frp_mw": 2.9,
        "class_id": 1,
        "class_name": "Agricultural",
        "color": "#eab308",
        "confidence": 100.0,
        "is_accidental": false,
        "elevation_m": 512.0,
        "tropomi_no2": 9.427528352570354e-05,
        "tropomi_so2": 0.0002029827195455,
        "timestamp": "2024-06-04"
      }
    },
    {
      "type": "Feature",
      "geometry": {
        "type": "Point",
        "coordinates": [
          86.18,
          22.72
        ]
      },
      "properties": {
        "id": "HW-1172",
        "latitude": 22.72,
        "longitude": 86.18,
        "frp_mw": 18.0,
        "class_id": 4,
        "class_name": "Accidental Fire",
        "color": "#ef4444",
        "confidence": 94.8,
        "is_accidental": true,
        "elevation_m": 175.0,
        "tropomi_no2": 0.00015448685254,
        "tropomi_so2": 0.0003917867974493,
        "timestamp": "2024-04-30"
      }
    },
    {
      "type": "Feature",
      "geometry": {
        "type": "Point",
        "coordinates": [
          84.18216,
          27.29477
        ]
      },
      "properties": {
        "id": "HW-1173",
        "latitude": 27.29477,
        "longitude": 84.18216,
        "frp_mw": 1.53,
        "class_id": 1,
        "class_name": "Agricultural",
        "color": "#eab308",
        "confidence": 100.0,
        "is_accidental": false,
        "elevation_m": 163.0,
        "tropomi_no2": 7.21999559406757e-05,
        "tropomi_so2": 0.0001234200224483,
        "timestamp": "2024-05-17"
      }
    },
    {
      "type": "Feature",
      "geometry": {
        "type": "Point",
        "coordinates": [
          79.03332,
          9.81662
        ]
      },
      "properties": {
        "id": "HW-1174",
        "latitude": 9.81662,
        "longitude": 79.03332,
        "frp_mw": 6.62,
        "class_id": 1,
        "class_name": "Agricultural",
        "color": "#eab308",
        "confidence": 100.0,
        "is_accidental": false,
        "elevation_m": 8.0,
        "tropomi_no2": 4.776415478288019e-05,
        "tropomi_so2": 3.470937082489688e-05,
        "timestamp": "2024-03-28"
      }
    },
    {
      "type": "Feature",
      "geometry": {
        "type": "Point",
        "coordinates": [
          75.49276,
          30.71691
        ]
      },
      "properties": {
        "id": "HW-1175",
        "latitude": 30.71691,
        "longitude": 75.49276,
        "frp_mw": 4.01,
        "class_id": 1,
        "class_name": "Agricultural",
        "color": "#eab308",
        "confidence": 100.0,
        "is_accidental": false,
        "elevation_m": 235.0,
        "tropomi_no2": 9.123352011242118e-05,
        "tropomi_so2": 0.0001780327328581,
        "timestamp": "2024-11-19"
      }
    },
    {
      "type": "Feature",
      "geometry": {
        "type": "Point",
        "coordinates": [
          72.35356,
          23.41443
        ]
      },
      "properties": {
        "id": "HW-1176",
        "latitude": 23.41443,
        "longitude": 72.35356,
        "frp_mw": 0.74,
        "class_id": 3,
        "class_name": "Gas Flare",
        "color": "#8b5cf6",
        "confidence": 100.0,
        "is_accidental": false,
        "elevation_m": 78.0,
        "tropomi_no2": 7.891950613279839e-05,
        "tropomi_so2": 9.419199812680388e-05,
        "timestamp": "2024-04-23"
      }
    },
    {
      "type": "Feature",
      "geometry": {
        "type": "Point",
        "coordinates": [
          78.41084,
          22.83106
        ]
      },
      "properties": {
        "id": "HW-1177",
        "latitude": 22.83106,
        "longitude": 78.41084,
        "frp_mw": 2.08,
        "class_id": 1,
        "class_name": "Agricultural",
        "color": "#eab308",
        "confidence": 100.0,
        "is_accidental": false,
        "elevation_m": 331.0,
        "tropomi_no2": 6.739313665194499e-05,
        "tropomi_so2": 0.0001303832503916,
        "timestamp": "2024-11-20"
      }
    },
    {
      "type": "Feature",
      "geometry": {
        "type": "Point",
        "coordinates": [
          85.00749,
          23.71994
        ]
      },
      "properties": {
        "id": "HW-1178",
        "latitude": 23.71994,
        "longitude": 85.00749,
        "frp_mw": 0.75,
        "class_id": 1,
        "class_name": "Agricultural",
        "color": "#eab308",
        "confidence": 100.0,
        "is_accidental": false,
        "elevation_m": 458.0,
        "tropomi_no2": 9.230675928072172e-05,
        "tropomi_so2": 0.0002628980666633,
        "timestamp": "2024-11-28"
      }
    },
    {
      "type": "Feature",
      "geometry": {
        "type": "Point",
        "coordinates": [
          95.47471,
          27.45774
        ]
      },
      "properties": {
        "id": "HW-1179",
        "latitude": 27.45774,
        "longitude": 95.47471,
        "frp_mw": 0.3,
        "class_id": 3,
        "class_name": "Gas Flare",
        "color": "#8b5cf6",
        "confidence": 100.0,
        "is_accidental": false,
        "elevation_m": 131.0,
        "tropomi_no2": 6.331676310163203e-05,
        "tropomi_so2": 0.000140503805622,
        "timestamp": "2024-11-29"
      }
    },
    {
      "type": "Feature",
      "geometry": {
        "type": "Point",
        "coordinates": [
          81.28046,
          16.3602
        ]
      },
      "properties": {
        "id": "HW-1180",
        "latitude": 16.3602,
        "longitude": 81.28046,
        "frp_mw": 0.72,
        "class_id": 3,
        "class_name": "Gas Flare",
        "color": "#8b5cf6",
        "confidence": 100.0,
        "is_accidental": false,
        "elevation_m": 4.0,
        "tropomi_no2": 6.057667193635707e-05,
        "tropomi_so2": 5.0290480237137974e-05,
        "timestamp": "2024-11-01"
      }
    },
    {
      "type": "Feature",
      "geometry": {
        "type": "Point",
        "coordinates": [
          77.50165,
          16.54878
        ]
      },
      "properties": {
        "id": "HW-1181",
        "latitude": 16.54878,
        "longitude": 77.50165,
        "frp_mw": 5.92,
        "class_id": 1,
        "class_name": "Agricultural",
        "color": "#eab308",
        "confidence": 100.0,
        "is_accidental": false,
        "elevation_m": 377.0,
        "tropomi_no2": 6.769322255413401e-05,
        "tropomi_so2": 0.000113824954284,
        "timestamp": "2024-11-21"
      }
    },
    {
      "type": "Feature",
      "geometry": {
        "type": "Point",
        "coordinates": [
          84.0205,
          21.769
        ]
      },
      "properties": {
        "id": "HW-1182",
        "latitude": 21.769,
        "longitude": 84.0205,
        "frp_mw": 6.9,
        "class_id": 4,
        "class_name": "Accidental Fire",
        "color": "#ef4444",
        "confidence": 92.4,
        "is_accidental": true,
        "elevation_m": 208.0,
        "tropomi_no2": 0.0002647564691818,
        "tropomi_so2": 0.0012821766136909,
        "timestamp": "2024-12-18"
      }
    },
    {
      "type": "Feature",
      "geometry": {
        "type": "Point",
        "coordinates": [
          83.83958,
          21.75918
        ]
      },
      "properties": {
        "id": "HW-1183",
        "latitude": 21.75918,
        "longitude": 83.83958,
        "frp_mw": 1.46,
        "class_id": 2,
        "class_name": "Industrial Persistent",
        "color": "#3b82f6",
        "confidence": 100.0,
        "is_accidental": false,
        "elevation_m": 212.0,
        "tropomi_no2": 0.0001667648436138,
        "tropomi_so2": 0.0006864725818691,
        "timestamp": "2024-02-16"
      }
    },
    {
      "type": "Feature",
      "geometry": {
        "type": "Point",
        "coordinates": [
          86.20827,
          22.79551
        ]
      },
      "properties": {
        "id": "HW-1184",
        "latitude": 22.79551,
        "longitude": 86.20827,
        "frp_mw": 21.29,
        "class_id": 4,
        "class_name": "Accidental Fire",
        "color": "#ef4444",
        "confidence": 97.9,
        "is_accidental": true,
        "elevation_m": 178.0,
        "tropomi_no2": 0.0001705727294489,
        "tropomi_so2": 0.0004460124234932,
        "timestamp": "2024-03-10"
      }
    },
    {
      "type": "Feature",
      "geometry": {
        "type": "Point",
        "coordinates": [
          86.01261,
          23.76878
        ]
      },
      "properties": {
        "id": "HW-1185",
        "latitude": 23.76878,
        "longitude": 86.01261,
        "frp_mw": 0.32,
        "class_id": 1,
        "class_name": "Agricultural",
        "color": "#eab308",
        "confidence": 100.0,
        "is_accidental": false,
        "elevation_m": 203.0,
        "tropomi_no2": 0.0001238330828863,
        "tropomi_so2": 0.0002455862025583,
        "timestamp": "2024-09-29"
      }
    },
    {
      "type": "Feature",
      "geometry": {
        "type": "Point",
        "coordinates": [
          94.67095,
          26.7862
        ]
      },
      "properties": {
        "id": "HW-1186",
        "latitude": 26.7862,
        "longitude": 94.67095,
        "frp_mw": 0.43,
        "class_id": 3,
        "class_name": "Gas Flare",
        "color": "#8b5cf6",
        "confidence": 100.0,
        "is_accidental": false,
        "elevation_m": 110.0,
        "tropomi_no2": 6.416631954930222e-05,
        "tropomi_so2": 0.0001116548557387,
        "timestamp": "2024-01-17"
      }
    },
    {
      "type": "Feature",
      "geometry": {
        "type": "Point",
        "coordinates": [
          85.17764,
          20.97108
        ]
      },
      "properties": {
        "id": "HW-1187",
        "latitude": 20.97108,
        "longitude": 85.17764,
        "frp_mw": 4.43,
        "class_id": 0,
        "class_name": "Wildfire",
        "color": "#10b981",
        "confidence": 100.0,
        "is_accidental": false,
        "elevation_m": 108.0,
        "tropomi_no2": 0.0001632131362717,
        "tropomi_so2": 0.0005928328992944,
        "timestamp": "2024-10-08"
      }
    },
    {
      "type": "Feature",
      "geometry": {
        "type": "Point",
        "coordinates": [
          88.12724,
          22.05392
        ]
      },
      "properties": {
        "id": "HW-1188",
        "latitude": 22.05392,
        "longitude": 88.12724,
        "frp_mw": 2.22,
        "class_id": 2,
        "class_name": "Industrial Persistent",
        "color": "#3b82f6",
        "confidence": 100.0,
        "is_accidental": false,
        "elevation_m": 6.0,
        "tropomi_no2": 0.0001232266872302,
        "tropomi_so2": 0.0004171188100003,
        "timestamp": "2024-11-07"
      }
    },
    {
      "type": "Feature",
      "geometry": {
        "type": "Point",
        "coordinates": [
          73.79341,
          15.75427
        ]
      },
      "properties": {
        "id": "HW-1189",
        "latitude": 15.75427,
        "longitude": 73.79341,
        "frp_mw": 5.9,
        "class_id": 1,
        "class_name": "Agricultural",
        "color": "#eab308",
        "confidence": 100.0,
        "is_accidental": false,
        "elevation_m": 34.0,
        "tropomi_no2": 5.6399761868610815e-05,
        "tropomi_so2": 6.34712776726925e-05,
        "timestamp": "2024-03-02"
      }
    },
    {
      "type": "Feature",
      "geometry": {
        "type": "Point",
        "coordinates": [
          84.86189,
          22.20885
        ]
      },
      "properties": {
        "id": "HW-1190",
        "latitude": 22.20885,
        "longitude": 84.86189,
        "frp_mw": 6.61,
        "class_id": 4,
        "class_name": "Accidental Fire",
        "color": "#ef4444",
        "confidence": 65.4,
        "is_accidental": true,
        "elevation_m": 202.0,
        "tropomi_no2": 0.0001408002994887,
        "tropomi_so2": 0.0004209862266789,
        "timestamp": "2024-06-07"
      }
    },
    {
      "type": "Feature",
      "geometry": {
        "type": "Point",
        "coordinates": [
          94.50774,
          26.77293
        ]
      },
      "properties": {
        "id": "HW-1191",
        "latitude": 26.77293,
        "longitude": 94.50774,
        "frp_mw": 0.58,
        "class_id": 3,
        "class_name": "Gas Flare",
        "color": "#8b5cf6",
        "confidence": 100.0,
        "is_accidental": false,
        "elevation_m": 107.0,
        "tropomi_no2": 6.371898835547716e-05,
        "tropomi_so2": 0.0001495563701094,
        "timestamp": "2024-01-03"
      }
    },
    {
      "type": "Feature",
      "geometry": {
        "type": "Point",
        "coordinates": [
          86.0806,
          23.678
        ]
      },
      "properties": {
        "id": "HW-1192",
        "latitude": 23.678,
        "longitude": 86.0806,
        "frp_mw": 8.7,
        "class_id": 4,
        "class_name": "Accidental Fire",
        "color": "#ef4444",
        "confidence": 89.0,
        "is_accidental": true,
        "elevation_m": 237.0,
        "tropomi_no2": 0.0001377481948797,
        "tropomi_so2": 0.0002511203754868,
        "timestamp": "2024-09-21"
      }
    },
    {
      "type": "Feature",
      "geometry": {
        "type": "Point",
        "coordinates": [
          73.03962,
          18.69427
        ]
      },
      "properties": {
        "id": "HW-1193",
        "latitude": 18.69427,
        "longitude": 73.03962,
        "frp_mw": 1.27,
        "class_id": 2,
        "class_name": "Industrial Persistent",
        "color": "#3b82f6",
        "confidence": 100.0,
        "is_accidental": false,
        "elevation_m": 4.0,
        "tropomi_no2": 0.0001332861968805,
        "tropomi_so2": 0.0001198857662272,
        "timestamp": "2024-01-18"
      }
    },
    {
      "type": "Feature",
      "geometry": {
        "type": "Point",
        "coordinates": [
          77.88013,
          18.42906
        ]
      },
      "properties": {
        "id": "HW-1194",
        "latitude": 18.42906,
        "longitude": 77.88013,
        "frp_mw": 2.29,
        "class_id": 1,
        "class_name": "Agricultural",
        "color": "#eab308",
        "confidence": 100.0,
        "is_accidental": false,
        "elevation_m": 386.0,
        "tropomi_no2": 6.643815259456405e-05,
        "tropomi_so2": 0.0001161455350615,
        "timestamp": "2024-11-16"
      }
    },
    {
      "type": "Feature",
      "geometry": {
        "type": "Point",
        "coordinates": [
          86.08945,
          22.80164
        ]
      },
      "properties": {
        "id": "HW-1195",
        "latitude": 22.80164,
        "longitude": 86.08945,
        "frp_mw": 1.32,
        "class_id": 2,
        "class_name": "Industrial Persistent",
        "color": "#3b82f6",
        "confidence": 100.0,
        "is_accidental": false,
        "elevation_m": 164.0,
        "tropomi_no2": 0.0001320927304362,
        "tropomi_so2": 0.0003493692812675,
        "timestamp": "2024-10-22"
      }
    },
    {
      "type": "Feature",
      "geometry": {
        "type": "Point",
        "coordinates": [
          83.92208,
          25.10501
        ]
      },
      "properties": {
        "id": "HW-1196",
        "latitude": 25.10501,
        "longitude": 83.92208,
        "frp_mw": 0.94,
        "class_id": 1,
        "class_name": "Agricultural",
        "color": "#eab308",
        "confidence": 100.0,
        "is_accidental": false,
        "elevation_m": 92.0,
        "tropomi_no2": 8.443793198651935e-05,
        "tropomi_so2": 0.0001763131493984,
        "timestamp": "2024-04-14"
      }
    },
    {
      "type": "Feature",
      "geometry": {
        "type": "Point",
        "coordinates": [
          79.42609,
          21.66104
        ]
      },
      "properties": {
        "id": "HW-1197",
        "latitude": 21.66104,
        "longitude": 79.42609,
        "frp_mw": 5.22,
        "class_id": 0,
        "class_name": "Wildfire",
        "color": "#10b981",
        "confidence": 100.0,
        "is_accidental": false,
        "elevation_m": 400.0,
        "tropomi_no2": 7.113722189641798e-05,
        "tropomi_so2": 0.0001671598280227,
        "timestamp": "2024-03-26"
      }
    },
    {
      "type": "Feature",
      "geometry": {
        "type": "Point",
        "coordinates": [
          74.91582,
          30.55789
        ]
      },
      "properties": {
        "id": "HW-1198",
        "latitude": 30.55789,
        "longitude": 74.91582,
        "frp_mw": 2.15,
        "class_id": 1,
        "class_name": "Agricultural",
        "color": "#eab308",
        "confidence": 100.0,
        "is_accidental": false,
        "elevation_m": 210.0,
        "tropomi_no2": 8.90416816938855e-05,
        "tropomi_so2": 0.0001366159875211,
        "timestamp": "2024-05-18"
      }
    },
    {
      "type": "Feature",
      "geometry": {
        "type": "Point",
        "coordinates": [
          72.35558,
          23.41595
        ]
      },
      "properties": {
        "id": "HW-1199",
        "latitude": 23.41595,
        "longitude": 72.35558,
        "frp_mw": 1.15,
        "class_id": 3,
        "class_name": "Gas Flare",
        "color": "#8b5cf6",
        "confidence": 100.0,
        "is_accidental": false,
        "elevation_m": 79.0,
        "tropomi_no2": 7.891950613279839e-05,
        "tropomi_so2": 9.419199812680388e-05,
        "timestamp": "2024-05-06"
      }
    },
    {
      "type": "Feature",
      "geometry": {
        "type": "Point",
        "coordinates": [
          81.41509,
          21.19353
        ]
      },
      "properties": {
        "id": "HW-1200",
        "latitude": 21.19353,
        "longitude": 81.41509,
        "frp_mw": 12.89,
        "class_id": 4,
        "class_name": "Accidental Fire",
        "color": "#ef4444",
        "confidence": 57.6,
        "is_accidental": true,
        "elevation_m": 307.0,
        "tropomi_no2": 0.0001606189818789,
        "tropomi_so2": 0.0003939279397622,
        "timestamp": "2024-10-12"
      }
    },
    {
      "type": "Feature",
      "geometry": {
        "type": "Point",
        "coordinates": [
          79.92314,
          19.66039
        ]
      },
      "properties": {
        "id": "HW-1201",
        "latitude": 19.66039,
        "longitude": 79.92314,
        "frp_mw": 3.86,
        "class_id": 0,
        "class_name": "Wildfire",
        "color": "#10b981",
        "confidence": 100.0,
        "is_accidental": false,
        "elevation_m": 182.0,
        "tropomi_no2": 6.680764361684083e-05,
        "tropomi_so2": 0.0001547520789585,
        "timestamp": "2024-03-18"
      }
    },
    {
      "type": "Feature",
      "geometry": {
        "type": "Point",
        "coordinates": [
          84.86002,
          22.20984
        ]
      },
      "properties": {
        "id": "HW-1202",
        "latitude": 22.20984,
        "longitude": 84.86002,
        "frp_mw": 1.75,
        "class_id": 2,
        "class_name": "Industrial Persistent",
        "color": "#3b82f6",
        "confidence": 100.0,
        "is_accidental": false,
        "elevation_m": 199.0,
        "tropomi_no2": 0.0001408002994887,
        "tropomi_so2": 0.0004209862266789,
        "timestamp": "2024-04-28"
      }
    },
    {
      "type": "Feature",
      "geometry": {
        "type": "Point",
        "coordinates": [
          83.23862,
          26.45653
        ]
      },
      "properties": {
        "id": "HW-1203",
        "latitude": 26.45653,
        "longitude": 83.23862,
        "frp_mw": 0.95,
        "class_id": 1,
        "class_name": "Agricultural",
        "color": "#eab308",
        "confidence": 100.0,
        "is_accidental": false,
        "elevation_m": 79.0,
        "tropomi_no2": 8.34093953362883e-05,
        "tropomi_so2": 9.253984288617594e-05,
        "timestamp": "2024-04-26"
      }
    },
    {
      "type": "Feature",
      "geometry": {
        "type": "Point",
        "coordinates": [
          87.07504,
          23.79462
        ]
      },
      "properties": {
        "id": "HW-1204",
        "latitude": 23.79462,
        "longitude": 87.07504,
        "frp_mw": 1.9,
        "class_id": 1,
        "class_name": "Agricultural",
        "color": "#eab308",
        "confidence": 100.0,
        "is_accidental": false,
        "elevation_m": 159.0,
        "tropomi_no2": 0.0001061809560687,
        "tropomi_so2": 0.0002398107448107,
        "timestamp": "2024-01-27"
      }
    },
    {
      "type": "Feature",
      "geometry": {
        "type": "Point",
        "coordinates": [
          92.4707,
          23.1324
        ]
      },
      "properties": {
        "id": "HW-1205",
        "latitude": 23.1324,
        "longitude": 92.4707,
        "frp_mw": 19.3,
        "class_id": 1,
        "class_name": "Agricultural",
        "color": "#eab308",
        "confidence": 100.0,
        "is_accidental": false,
        "elevation_m": 91.0,
        "tropomi_no2": 6.111868145851766e-05,
        "tropomi_so2": 5.816910050751286e-05,
        "timestamp": "2024-03-09"
      }
    },
    {
      "type": "Feature",
      "geometry": {
        "type": "Point",
        "coordinates": [
          79.11227,
          19.92002
        ]
      },
      "properties": {
        "id": "HW-1206",
        "latitude": 19.92002,
        "longitude": 79.11227,
        "frp_mw": 0.9,
        "class_id": 2,
        "class_name": "Industrial Persistent",
        "color": "#3b82f6",
        "confidence": 100.0,
        "is_accidental": false,
        "elevation_m": 199.0,
        "tropomi_no2": 0.0001267761559471,
        "tropomi_so2": 0.000382292937335,
        "timestamp": "2024-10-23"
      }
    },
    {
      "type": "Feature",
      "geometry": {
        "type": "Point",
        "coordinates": [
          73.25041,
          18.0983
        ]
      },
      "properties": {
        "id": "HW-1207",
        "latitude": 18.0983,
        "longitude": 73.25041,
        "frp_mw": 4.52,
        "class_id": 0,
        "class_name": "Wildfire",
        "color": "#10b981",
        "confidence": 100.0,
        "is_accidental": false,
        "elevation_m": 268.0,
        "tropomi_no2": 6.530387698051774e-05,
        "tropomi_so2": 0.0001001036281564,
        "timestamp": "2024-04-08"
      }
    },
    {
      "type": "Feature",
      "geometry": {
        "type": "Point",
        "coordinates": [
          74.94812,
          29.91272
        ]
      },
      "properties": {
        "id": "HW-1208",
        "latitude": 29.91272,
        "longitude": 74.94812,
        "frp_mw": 23.86,
        "class_id": 4,
        "class_name": "Accidental Fire",
        "color": "#ef4444",
        "confidence": 89.4,
        "is_accidental": true,
        "elevation_m": 204.0,
        "tropomi_no2": 0.0001081790311205,
        "tropomi_so2": 0.0001583272508674,
        "timestamp": "2024-05-29"
      }
    },
    {
      "type": "Feature",
      "geometry": {
        "type": "Point",
        "coordinates": [
          94.67065,
          26.78569
        ]
      },
      "properties": {
        "id": "HW-1209",
        "latitude": 26.78569,
        "longitude": 94.67065,
        "frp_mw": 0.69,
        "class_id": 3,
        "class_name": "Gas Flare",
        "color": "#8b5cf6",
        "confidence": 100.0,
        "is_accidental": false,
        "elevation_m": 113.0,
        "tropomi_no2": 6.416631954930222e-05,
        "tropomi_so2": 0.0001116548557387,
        "timestamp": "2024-01-05"
      }
    },
    {
      "type": "Feature",
      "geometry": {
        "type": "Point",
        "coordinates": [
          73.09361,
          24.81937
        ]
      },
      "properties": {
        "id": "HW-1210",
        "latitude": 24.81937,
        "longitude": 73.09361,
        "frp_mw": 2.19,
        "class_id": 2,
        "class_name": "Industrial Persistent",
        "color": "#3b82f6",
        "confidence": 100.0,
        "is_accidental": false,
        "elevation_m": 409.0,
        "tropomi_no2": 8.9628136969991e-05,
        "tropomi_so2": 0.0001230526362142,
        "timestamp": "2024-05-04"
      }
    },
    {
      "type": "Feature",
      "geometry": {
        "type": "Point",
        "coordinates": [
          74.93787,
          17.57389
        ]
      },
      "properties": {
        "id": "HW-1211",
        "latitude": 17.57389,
        "longitude": 74.93787,
        "frp_mw": 4.02,
        "class_id": 1,
        "class_name": "Agricultural",
        "color": "#eab308",
        "confidence": 100.0,
        "is_accidental": false,
        "elevation_m": 584.0,
        "tropomi_no2": 6.262327978753673e-05,
        "tropomi_so2": 6.247537500705908e-05,
        "timestamp": "2024-12-13"
      }
    },
    {
      "type": "Feature",
      "geometry": {
        "type": "Point",
        "coordinates": [
          95.26745,
          27.31822
        ]
      },
      "properties": {
        "id": "HW-1212",
        "latitude": 27.31822,
        "longitude": 95.26745,
        "frp_mw": 2.13,
        "class_id": 3,
        "class_name": "Gas Flare",
        "color": "#8b5cf6",
        "confidence": 100.0,
        "is_accidental": false,
        "elevation_m": 120.0,
        "tropomi_no2": 6.714673233125557e-05,
        "tropomi_so2": 0.0001560516639259,
        "timestamp": "2024-02-12"
      }
    },
    {
      "type": "Feature",
      "geometry": {
        "type": "Point",
        "coordinates": [
          79.05439,
          20.10122
        ]
      },
      "properties": {
        "id": "HW-1213",
        "latitude": 20.10122,
        "longitude": 79.05439,
        "frp_mw": 4.4,
        "class_id": 2,
        "class_name": "Industrial Persistent",
        "color": "#3b82f6",
        "confidence": 100.0,
        "is_accidental": false,
        "elevation_m": 194.0,
        "tropomi_no2": 9.590800533152106e-05,
        "tropomi_so2": 0.0003795456387814,
        "timestamp": "2024-05-02"
      }
    },
    {
      "type": "Feature",
      "geometry": {
        "type": "Point",
        "coordinates": [
          76.89256,
          30.84464
        ]
      },
      "properties": {
        "id": "HW-1214",
        "latitude": 30.84464,
        "longitude": 76.89256,
        "frp_mw": 1.08,
        "class_id": 2,
        "class_name": "Industrial Persistent",
        "color": "#3b82f6",
        "confidence": 100.0,
        "is_accidental": false,
        "elevation_m": 548.0,
        "tropomi_no2": 9.548361316404935e-05,
        "tropomi_so2": 0.0003375935814298,
        "timestamp": "2024-05-08"
      }
    },
    {
      "type": "Feature",
      "geometry": {
        "type": "Point",
        "coordinates": [
          95.39902,
          27.60699
        ]
      },
      "properties": {
        "id": "HW-1215",
        "latitude": 27.60699,
        "longitude": 95.39902,
        "frp_mw": 0.68,
        "class_id": 3,
        "class_name": "Gas Flare",
        "color": "#8b5cf6",
        "confidence": 100.0,
        "is_accidental": false,
        "elevation_m": 125.0,
        "tropomi_no2": 5.9730839323749715e-05,
        "tropomi_so2": 0.0001582509533252,
        "timestamp": "2024-11-15"
      }
    },
    {
      "type": "Feature",
      "geometry": {
        "type": "Point",
        "coordinates": [
          93.89436,
          26.05945
        ]
      },
      "properties": {
        "id": "HW-1216",
        "latitude": 26.05945,
        "longitude": 93.89436,
        "frp_mw": 0.46,
        "class_id": 3,
        "class_name": "Gas Flare",
        "color": "#8b5cf6",
        "confidence": 100.0,
        "is_accidental": false,
        "elevation_m": 133.0,
        "tropomi_no2": 6.052763242286171e-05,
        "tropomi_so2": 0.0001146244553151,
        "timestamp": "2024-03-09"
      }
    },
    {
      "type": "Feature",
      "geometry": {
        "type": "Point",
        "coordinates": [
          73.70934,
          24.34917
        ]
      },
      "properties": {
        "id": "HW-1217",
        "latitude": 24.34917,
        "longitude": 73.70934,
        "frp_mw": 1.67,
        "class_id": 2,
        "class_name": "Industrial Persistent",
        "color": "#3b82f6",
        "confidence": 100.0,
        "is_accidental": false,
        "elevation_m": 498.0,
        "tropomi_no2": 7.861173438769655e-05,
        "tropomi_so2": 0.0001168891699881,
        "timestamp": "2024-04-30"
      }
    },
    {
      "type": "Feature",
      "geometry": {
        "type": "Point",
        "coordinates": [
          93.92885,
          26.06511
        ]
      },
      "properties": {
        "id": "HW-1218",
        "latitude": 26.06511,
        "longitude": 93.92885,
        "frp_mw": 0.42,
        "class_id": 3,
        "class_name": "Gas Flare",
        "color": "#8b5cf6",
        "confidence": 100.0,
        "is_accidental": false,
        "elevation_m": 134.0,
        "tropomi_no2": 6.052763242286171e-05,
        "tropomi_so2": 0.0001146244553151,
        "timestamp": "2024-12-01"
      }
    },
    {
      "type": "Feature",
      "geometry": {
        "type": "Point",
        "coordinates": [
          75.95108,
          24.71544
        ]
      },
      "properties": {
        "id": "HW-1219",
        "latitude": 24.71544,
        "longitude": 75.95108,
        "frp_mw": 1.01,
        "class_id": 2,
        "class_name": "Industrial Persistent",
        "color": "#3b82f6",
        "confidence": 100.0,
        "is_accidental": false,
        "elevation_m": 348.0,
        "tropomi_no2": 8.592142147652282e-05,
        "tropomi_so2": 0.0001336046150409,
        "timestamp": "2024-11-16"
      }
    },
    {
      "type": "Feature",
      "geometry": {
        "type": "Point",
        "coordinates": [
          94.506,
          26.77465
        ]
      },
      "properties": {
        "id": "HW-1220",
        "latitude": 26.77465,
        "longitude": 94.506,
        "frp_mw": 0.38,
        "class_id": 3,
        "class_name": "Gas Flare",
        "color": "#8b5cf6",
        "confidence": 100.0,
        "is_accidental": false,
        "elevation_m": 106.0,
        "tropomi_no2": 6.371898835547716e-05,
        "tropomi_so2": 0.0001495563701094,
        "timestamp": "2024-11-02"
      }
    },
    {
      "type": "Feature",
      "geometry": {
        "type": "Point",
        "coordinates": [
          85.30548,
          23.8393
        ]
      },
      "properties": {
        "id": "HW-1221",
        "latitude": 23.8393,
        "longitude": 85.30548,
        "frp_mw": 0.89,
        "class_id": 2,
        "class_name": "Industrial Persistent",
        "color": "#3b82f6",
        "confidence": 100.0,
        "is_accidental": false,
        "elevation_m": 437.0,
        "tropomi_no2": 9.263101832844528e-05,
        "tropomi_so2": 0.0001964313003055,
        "timestamp": "2024-10-29"
      }
    },
    {
      "type": "Feature",
      "geometry": {
        "type": "Point",
        "coordinates": [
          81.25582,
          17.70568
        ]
      },
      "properties": {
        "id": "HW-1222",
        "latitude": 17.70568,
        "longitude": 81.25582,
        "frp_mw": 5.03,
        "class_id": 0,
        "class_name": "Wildfire",
        "color": "#10b981",
        "confidence": 100.0,
        "is_accidental": false,
        "elevation_m": 576.0,
        "tropomi_no2": 6.00068290661273e-05,
        "tropomi_so2": 9.765814842419716e-05,
        "timestamp": "2024-04-15"
      }
    },
    {
      "type": "Feature",
      "geometry": {
        "type": "Point",
        "coordinates": [
          75.48513,
          22.84798
        ]
      },
      "properties": {
        "id": "HW-1223",
        "latitude": 22.84798,
        "longitude": 75.48513,
        "frp_mw": 9.44,
        "class_id": 1,
        "class_name": "Agricultural",
        "color": "#eab308",
        "confidence": 100.0,
        "is_accidental": false,
        "elevation_m": 506.0,
        "tropomi_no2": 6.946073111054406e-05,
        "tropomi_so2": 0.0001394285257819,
        "timestamp": "2024-04-08"
      }
    },
    {
      "type": "Feature",
      "geometry": {
        "type": "Point",
        "coordinates": [
          94.2074,
          24.1762
        ]
      },
      "properties": {
        "id": "HW-1224",
        "latitude": 24.1762,
        "longitude": 94.2074,
        "frp_mw": 31.4,
        "class_id": 1,
        "class_name": "Agricultural",
        "color": "#eab308",
        "confidence": 100.0,
        "is_accidental": false,
        "elevation_m": 879.0,
        "tropomi_no2": 5.472075558037767e-05,
        "tropomi_so2": 3.3140363771887326e-05,
        "timestamp": "2024-04-14"
      }
    },
    {
      "type": "Feature",
      "geometry": {
        "type": "Point",
        "coordinates": [
          72.4148,
          23.40841
        ]
      },
      "properties": {
        "id": "HW-1225",
        "latitude": 23.40841,
        "longitude": 72.4148,
        "frp_mw": 0.25,
        "class_id": 3,
        "class_name": "Gas Flare",
        "color": "#8b5cf6",
        "confidence": 100.0,
        "is_accidental": false,
        "elevation_m": 83.0,
        "tropomi_no2": 8.109407834695698e-05,
        "tropomi_so2": 9.809264133437337e-05,
        "timestamp": "2024-12-09"
      }
    },
    {
      "type": "Feature",
      "geometry": {
        "type": "Point",
        "coordinates": [
          86.08788,
          22.8096
        ]
      },
      "properties": {
        "id": "HW-1226",
        "latitude": 22.8096,
        "longitude": 86.08788,
        "frp_mw": 2.51,
        "class_id": 2,
        "class_name": "Industrial Persistent",
        "color": "#3b82f6",
        "confidence": 100.0,
        "is_accidental": false,
        "elevation_m": 173.0,
        "tropomi_no2": 0.0001320927304362,
        "tropomi_so2": 0.0003493692812675,
        "timestamp": "2024-04-20"
      }
    },
    {
      "type": "Feature",
      "geometry": {
        "type": "Point",
        "coordinates": [
          83.2178,
          17.6342
        ]
      },
      "properties": {
        "id": "HW-1227",
        "latitude": 17.6342,
        "longitude": 83.2178,
        "frp_mw": 38.3,
        "class_id": 4,
        "class_name": "Accidental Fire",
        "color": "#ef4444",
        "confidence": 96.3,
        "is_accidental": true,
        "elevation_m": 4.0,
        "tropomi_no2": 9.840981717757196e-05,
        "tropomi_so2": 0.0001888327687041,
        "timestamp": "2024-04-30"
      }
    },
    {
      "type": "Feature",
      "geometry": {
        "type": "Point",
        "coordinates": [
          76.66351,
          15.17498
        ]
      },
      "properties": {
        "id": "HW-1228",
        "latitude": 15.17498,
        "longitude": 76.66351,
        "frp_mw": 3.04,
        "class_id": 2,
        "class_name": "Industrial Persistent",
        "color": "#3b82f6",
        "confidence": 100.0,
        "is_accidental": false,
        "elevation_m": 493.0,
        "tropomi_no2": 0.0001483026758164,
        "tropomi_so2": 0.0002799090606206,
        "timestamp": "2024-02-24"
      }
    },
    {
      "type": "Feature",
      "geometry": {
        "type": "Point",
        "coordinates": [
          81.78501,
          17.79715
        ]
      },
      "properties": {
        "id": "HW-1229",
        "latitude": 17.79715,
        "longitude": 81.78501,
        "frp_mw": 7.97,
        "class_id": 0,
        "class_name": "Wildfire",
        "color": "#10b981",
        "confidence": 100.0,
        "is_accidental": false,
        "elevation_m": 809.0,
        "tropomi_no2": 5.921534289911492e-05,
        "tropomi_so2": 6.594835517816714e-05,
        "timestamp": "2024-04-28"
      }
    },
    {
      "type": "Feature",
      "geometry": {
        "type": "Point",
        "coordinates": [
          79.23191,
          26.12872
        ]
      },
      "properties": {
        "id": "HW-1230",
        "latitude": 26.12872,
        "longitude": 79.23191,
        "frp_mw": 0.65,
        "class_id": 1,
        "class_name": "Agricultural",
        "color": "#eab308",
        "confidence": 100.0,
        "is_accidental": false,
        "elevation_m": 144.0,
        "tropomi_no2": 7.582596391193936e-05,
        "tropomi_so2": 0.0001484582410578,
        "timestamp": "2024-05-05"
      }
    },
    {
      "type": "Feature",
      "geometry": {
        "type": "Point",
        "coordinates": [
          74.71463,
          20.323
        ]
      },
      "properties": {
        "id": "HW-1231",
        "latitude": 20.323,
        "longitude": 74.71463,
        "frp_mw": 2.81,
        "class_id": 0,
        "class_name": "Wildfire",
        "color": "#10b981",
        "confidence": 100.0,
        "is_accidental": false,
        "elevation_m": 459.0,
        "tropomi_no2": 6.400644318696111e-05,
        "tropomi_so2": 8.97998375887255e-05,
        "timestamp": "2024-01-27"
      }
    },
    {
      "type": "Feature",
      "geometry": {
        "type": "Point",
        "coordinates": [
          86.401,
          23.7681
        ]
      },
      "properties": {
        "id": "HW-1232",
        "latitude": 23.7681,
        "longitude": 86.401,
        "frp_mw": 14.6,
        "class_id": 4,
        "class_name": "Accidental Fire",
        "color": "#ef4444",
        "confidence": 98.1,
        "is_accidental": true,
        "elevation_m": 195.0,
        "tropomi_no2": 0.0001308886143315,
        "tropomi_so2": 0.0002502714863311,
        "timestamp": "2024-02-29"
      }
    },
    {
      "type": "Feature",
      "geometry": {
        "type": "Point",
        "coordinates": [
          80.39474,
          17.83964
        ]
      },
      "properties": {
        "id": "HW-1233",
        "latitude": 17.83964,
        "longitude": 80.39474,
        "frp_mw": 5.52,
        "class_id": 0,
        "class_name": "Wildfire",
        "color": "#10b981",
        "confidence": 100.0,
        "is_accidental": false,
        "elevation_m": 238.0,
        "tropomi_no2": 6.62326218507702e-05,
        "tropomi_so2": 7.5197210729086e-05,
        "timestamp": "2024-03-16"
      }
    },
    {
      "type": "Feature",
      "geometry": {
        "type": "Point",
        "coordinates": [
          94.88894,
          27.03337
        ]
      },
      "properties": {
        "id": "HW-1234",
        "latitude": 27.03337,
        "longitude": 94.88894,
        "frp_mw": 0.52,
        "class_id": 3,
        "class_name": "Gas Flare",
        "color": "#8b5cf6",
        "confidence": 100.0,
        "is_accidental": false,
        "elevation_m": 101.0,
        "tropomi_no2": 6.444085252890678e-05,
        "tropomi_so2": 0.0001228867005455,
        "timestamp": "2024-02-09"
      }
    },
    {
      "type": "Feature",
      "geometry": {
        "type": "Point",
        "coordinates": [
          94.68753,
          26.79573
        ]
      },
      "properties": {
        "id": "HW-1235",
        "latitude": 26.79573,
        "longitude": 94.68753,
        "frp_mw": 0.45,
        "class_id": 3,
        "class_name": "Gas Flare",
        "color": "#8b5cf6",
        "confidence": 100.0,
        "is_accidental": false,
        "elevation_m": 109.0,
        "tropomi_no2": 6.449582014427615e-05,
        "tropomi_so2": 0.0001295353429416,
        "timestamp": "2024-03-06"
      }
    },
    {
      "type": "Feature",
      "geometry": {
        "type": "Point",
        "coordinates": [
          95.42262,
          27.47048
        ]
      },
      "properties": {
        "id": "HW-1236",
        "latitude": 27.47048,
        "longitude": 95.42262,
        "frp_mw": 0.94,
        "class_id": 3,
        "class_name": "Gas Flare",
        "color": "#8b5cf6",
        "confidence": 100.0,
        "is_accidental": false,
        "elevation_m": 124.0,
        "tropomi_no2": 6.441483532367961e-05,
        "tropomi_so2": 0.0001239199094772,
        "timestamp": "2024-04-09"
      }
    },
    {
      "type": "Feature",
      "geometry": {
        "type": "Point",
        "coordinates": [
          79.71584,
          23.14426
        ]
      },
      "properties": {
        "id": "HW-1237",
        "latitude": 23.14426,
        "longitude": 79.71584,
        "frp_mw": 2.73,
        "class_id": 1,
        "class_name": "Agricultural",
        "color": "#eab308",
        "confidence": 100.0,
        "is_accidental": false,
        "elevation_m": 382.0,
        "tropomi_no2": 6.900951057115042e-05,
        "tropomi_so2": 0.000150568639958,
        "timestamp": "2024-11-17"
      }
    },
    {
      "type": "Feature",
      "geometry": {
        "type": "Point",
        "coordinates": [
          76.01311,
          19.27335
        ]
      },
      "properties": {
        "id": "HW-1238",
        "latitude": 19.27335,
        "longitude": 76.01311,
        "frp_mw": 1.78,
        "class_id": 1,
        "class_name": "Agricultural",
        "color": "#eab308",
        "confidence": 100.0,
        "is_accidental": false,
        "elevation_m": 411.0,
        "tropomi_no2": 6.445192365579544e-05,
        "tropomi_so2": 0.0001176131744072,
        "timestamp": "2024-02-12"
      }
    },
    {
      "type": "Feature",
      "geometry": {
        "type": "Point",
        "coordinates": [
          79.68301,
          13.4201
        ]
      },
      "properties": {
        "id": "HW-1239",
        "latitude": 13.4201,
        "longitude": 79.68301,
        "frp_mw": 1.96,
        "class_id": 1,
        "class_name": "Agricultural",
        "color": "#eab308",
        "confidence": 100.0,
        "is_accidental": false,
        "elevation_m": 97.0,
        "tropomi_no2": 6.0061465201363386e-05,
        "tropomi_so2": 2.9505032349755083e-05,
        "timestamp": "2024-03-20"
      }
    },
    {
      "type": "Feature",
      "geometry": {
        "type": "Point",
        "coordinates": [
          95.40182,
          27.60301
        ]
      },
      "properties": {
        "id": "HW-1240",
        "latitude": 27.60301,
        "longitude": 95.40182,
        "frp_mw": 1.0,
        "class_id": 3,
        "class_name": "Gas Flare",
        "color": "#8b5cf6",
        "confidence": 100.0,
        "is_accidental": false,
        "elevation_m": 126.0,
        "tropomi_no2": 6.049112900194418e-05,
        "tropomi_so2": 0.0001630041258304,
        "timestamp": "2024-09-20"
      }
    },
    {
      "type": "Feature",
      "geometry": {
        "type": "Point",
        "coordinates": [
          78.56969,
          15.16617
        ]
      },
      "properties": {
        "id": "HW-1241",
        "latitude": 15.16617,
        "longitude": 78.56969,
        "frp_mw": 5.76,
        "class_id": 1,
        "class_name": "Agricultural",
        "color": "#eab308",
        "confidence": 100.0,
        "is_accidental": false,
        "elevation_m": 183.0,
        "tropomi_no2": 6.215469953794862e-05,
        "tropomi_so2": 3.5043752902701545e-05,
        "timestamp": "2024-10-26"
      }
    },
    {
      "type": "Feature",
      "geometry": {
        "type": "Point",
        "coordinates": [
          73.25976,
          28.23627
        ]
      },
      "properties": {
        "id": "HW-1242",
        "latitude": 28.23627,
        "longitude": 73.25976,
        "frp_mw": 8.6,
        "class_id": 4,
        "class_name": "Accidental Fire",
        "color": "#ef4444",
        "confidence": 87.5,
        "is_accidental": true,
        "elevation_m": 188.0,
        "tropomi_no2": 6.650286360498216e-05,
        "tropomi_so2": 9.411304819315206e-05,
        "timestamp": "2024-11-01"
      }
    },
    {
      "type": "Feature",
      "geometry": {
        "type": "Point",
        "coordinates": [
          75.72701,
          33.71403
        ]
      },
      "properties": {
        "id": "HW-1243",
        "latitude": 33.71403,
        "longitude": 75.72701,
        "frp_mw": 7.39,
        "class_id": 0,
        "class_name": "Wildfire",
        "color": "#10b981",
        "confidence": 100.0,
        "is_accidental": false,
        "elevation_m": 2653.0,
        "tropomi_no2": 5.138757735850143e-05,
        "tropomi_so2": 2.997053980446803e-05,
        "timestamp": "2024-12-17"
      }
    },
    {
      "type": "Feature",
      "geometry": {
        "type": "Point",
        "coordinates": [
          95.47312,
          27.46256
        ]
      },
      "properties": {
        "id": "HW-1244",
        "latitude": 27.46256,
        "longitude": 95.47312,
        "frp_mw": 1.13,
        "class_id": 3,
        "class_name": "Gas Flare",
        "color": "#8b5cf6",
        "confidence": 100.0,
        "is_accidental": false,
        "elevation_m": 128.0,
        "tropomi_no2": 6.331676310163203e-05,
        "tropomi_so2": 0.000140503805622,
        "timestamp": "2024-11-04"
      }
    },
    {
      "type": "Feature",
      "geometry": {
        "type": "Point",
        "coordinates": [
          86.4009,
          23.75799
        ]
      },
      "properties": {
        "id": "HW-1245",
        "latitude": 23.75799,
        "longitude": 86.4009,
        "frp_mw": 3.78,
        "class_id": 1,
        "class_name": "Agricultural",
        "color": "#eab308",
        "confidence": 100.0,
        "is_accidental": false,
        "elevation_m": 195.0,
        "tropomi_no2": 0.0001308886143315,
        "tropomi_so2": 0.0002502714863311,
        "timestamp": "2024-09-07"
      }
    },
    {
      "type": "Feature",
      "geometry": {
        "type": "Point",
        "coordinates": [
          78.77554,
          15.29696
        ]
      },
      "properties": {
        "id": "HW-1246",
        "latitude": 15.29696,
        "longitude": 78.77554,
        "frp_mw": 5.15,
        "class_id": 0,
        "class_name": "Wildfire",
        "color": "#10b981",
        "confidence": 100.0,
        "is_accidental": false,
        "elevation_m": 403.0,
        "tropomi_no2": 5.890554884788272e-05,
        "tropomi_so2": 9.131962462803396e-05,
        "timestamp": "2024-03-24"
      }
    },
    {
      "type": "Feature",
      "geometry": {
        "type": "Point",
        "coordinates": [
          85.49389,
          23.81911
        ]
      },
      "properties": {
        "id": "HW-1247",
        "latitude": 23.81911,
        "longitude": 85.49389,
        "frp_mw": 0.69,
        "class_id": 0,
        "class_name": "Wildfire",
        "color": "#10b981",
        "confidence": 100.0,
        "is_accidental": false,
        "elevation_m": 393.0,
        "tropomi_no2": 9.2829823592179e-05,
        "tropomi_so2": 0.0002308359774608,
        "timestamp": "2024-01-11"
      }
    },
    {
      "type": "Feature",
      "geometry": {
        "type": "Point",
        "coordinates": [
          71.76859,
          25.29802
        ]
      },
      "properties": {
        "id": "HW-1248",
        "latitude": 25.29802,
        "longitude": 71.76859,
        "frp_mw": 0.94,
        "class_id": 3,
        "class_name": "Gas Flare",
        "color": "#8b5cf6",
        "confidence": 100.0,
        "is_accidental": false,
        "elevation_m": 57.0,
        "tropomi_no2": 6.596182791940816e-05,
        "tropomi_so2": 0.0001082144683123,
        "timestamp": "2024-10-29"
      }
    },
    {
      "type": "Feature",
      "geometry": {
        "type": "Point",
        "coordinates": [
          83.61789,
          18.83383
        ]
      },
      "properties": {
        "id": "HW-1249",
        "latitude": 18.83383,
        "longitude": 83.61789,
        "frp_mw": 2.95,
        "class_id": 1,
        "class_name": "Agricultural",
        "color": "#eab308",
        "confidence": 100.0,
        "is_accidental": false,
        "elevation_m": 324.0,
        "tropomi_no2": 6.071614947958435e-05,
        "tropomi_so2": 7.545860543500548e-05,
        "timestamp": "2024-05-28"
      }
    },
    {
      "type": "Feature",
      "geometry": {
        "type": "Point",
        "coordinates": [
          71.09479,
          26.45825
        ]
      },
      "properties": {
        "id": "HW-1250",
        "latitude": 26.45825,
        "longitude": 71.09479,
        "frp_mw": 21.74,
        "class_id": 4,
        "class_name": "Accidental Fire",
        "color": "#ef4444",
        "confidence": 63.3,
        "is_accidental": true,
        "elevation_m": 249.0,
        "tropomi_no2": 6.114784004277708e-05,
        "tropomi_so2": 7.927864533767098e-05,
        "timestamp": "2024-10-22"
      }
    },
    {
      "type": "Feature",
      "geometry": {
        "type": "Point",
        "coordinates": [
          83.20139,
          17.60582
        ]
      },
      "properties": {
        "id": "HW-1251",
        "latitude": 17.60582,
        "longitude": 83.20139,
        "frp_mw": 1.57,
        "class_id": 2,
        "class_name": "Industrial Persistent",
        "color": "#3b82f6",
        "confidence": 100.0,
        "is_accidental": false,
        "elevation_m": 19.0,
        "tropomi_no2": 8.985653134420646e-05,
        "tropomi_so2": 0.0001630093104426,
        "timestamp": "2024-11-04"
      }
    },
    {
      "type": "Feature",
      "geometry": {
        "type": "Point",
        "coordinates": [
          87.23912,
          23.55893
        ]
      },
      "properties": {
        "id": "HW-1252",
        "latitude": 23.55893,
        "longitude": 87.23912,
        "frp_mw": 11.91,
        "class_id": 4,
        "class_name": "Accidental Fire",
        "color": "#ef4444",
        "confidence": 92.9,
        "is_accidental": true,
        "elevation_m": 80.0,
        "tropomi_no2": 0.0002077253505553,
        "tropomi_so2": 0.0003591989723347,
        "timestamp": "2024-03-16"
      }
    },
    {
      "type": "Feature",
      "geometry": {
        "type": "Point",
        "coordinates": [
          76.39127,
          9.52869
        ]
      },
      "properties": {
        "id": "HW-1253",
        "latitude": 9.52869,
        "longitude": 76.39127,
        "frp_mw": 11.06,
        "class_id": 1,
        "class_name": "Agricultural",
        "color": "#eab308",
        "confidence": 100.0,
        "is_accidental": false,
        "elevation_m": -1.0,
        "tropomi_no2": 5.1103647449706656e-05,
        "tropomi_so2": 1.0741715002444608e-05,
        "timestamp": "2024-03-23"
      }
    },
    {
      "type": "Feature",
      "geometry": {
        "type": "Point",
        "coordinates": [
          76.92717,
          31.26048
        ]
      },
      "properties": {
        "id": "HW-1254",
        "latitude": 31.26048,
        "longitude": 76.92717,
        "frp_mw": 0.55,
        "class_id": 2,
        "class_name": "Industrial Persistent",
        "color": "#3b82f6",
        "confidence": 100.0,
        "is_accidental": false,
        "elevation_m": 1566.0,
        "tropomi_no2": 0.0001069237032351,
        "tropomi_so2": 0.0002824892655187,
        "timestamp": "2024-04-29"
      }
    },
    {
      "type": "Feature",
      "geometry": {
        "type": "Point",
        "coordinates": [
          85.22239,
          21.93015
        ]
      },
      "properties": {
        "id": "HW-1255",
        "latitude": 21.93015,
        "longitude": 85.22239,
        "frp_mw": 7.15,
        "class_id": 4,
        "class_name": "Accidental Fire",
        "color": "#ef4444",
        "confidence": 76.7,
        "is_accidental": true,
        "elevation_m": 568.0,
        "tropomi_no2": 8.34706612127705e-05,
        "tropomi_so2": 0.00021963133758,
        "timestamp": "2024-04-26"
      }
    },
    {
      "type": "Feature",
      "geometry": {
        "type": "Point",
        "coordinates": [
          84.44849,
          24.85209
        ]
      },
      "properties": {
        "id": "HW-1256",
        "latitude": 24.85209,
        "longitude": 84.44849,
        "frp_mw": 5.83,
        "class_id": 1,
        "class_name": "Agricultural",
        "color": "#eab308",
        "confidence": 100.0,
        "is_accidental": false,
        "elevation_m": 100.0,
        "tropomi_no2": 8.784637956995603e-05,
        "tropomi_so2": 0.0002141939110323,
        "timestamp": "2024-12-17"
      }
    },
    {
      "type": "Feature",
      "geometry": {
        "type": "Point",
        "coordinates": [
          80.93797,
          15.96189
        ]
      },
      "properties": {
        "id": "HW-1257",
        "latitude": 15.96189,
        "longitude": 80.93797,
        "frp_mw": 0.71,
        "class_id": 3,
        "class_name": "Gas Flare",
        "color": "#8b5cf6",
        "confidence": 100.0,
        "is_accidental": false,
        "elevation_m": 7.0,
        "tropomi_no2": 5.4636574822598846e-05,
        "tropomi_so2": 2.0187545952117883e-05,
        "timestamp": "2024-03-03"
      }
    },
    {
      "type": "Feature",
      "geometry": {
        "type": "Point",
        "coordinates": [
          86.85414,
          22.12495
        ]
      },
      "properties": {
        "id": "HW-1258",
        "latitude": 22.12495,
        "longitude": 86.85414,
        "frp_mw": 3.88,
        "class_id": 1,
        "class_name": "Agricultural",
        "color": "#eab308",
        "confidence": 100.0,
        "is_accidental": false,
        "elevation_m": 82.0,
        "tropomi_no2": 7.605840512270407e-05,
        "tropomi_so2": 0.0002670210051818,
        "timestamp": "2024-03-09"
      }
    },
    {
      "type": "Feature",
      "geometry": {
        "type": "Point",
        "coordinates": [
          86.0816,
          23.6826
        ]
      },
      "properties": {
        "id": "HW-1259",
        "latitude": 23.6826,
        "longitude": 86.0816,
        "frp_mw": 8.5,
        "class_id": 4,
        "class_name": "Accidental Fire",
        "color": "#ef4444",
        "confidence": 80.3,
        "is_accidental": true,
        "elevation_m": 233.0,
        "tropomi_no2": 0.0001377481948797,
        "tropomi_so2": 0.0002511203754868,
        "timestamp": "2024-04-01"
      }
    },
    {
      "type": "Feature",
      "geometry": {
        "type": "Point",
        "coordinates": [
          87.12328,
          23.68778
        ]
      },
      "properties": {
        "id": "HW-1260",
        "latitude": 23.68778,
        "longitude": 87.12328,
        "frp_mw": 2.54,
        "class_id": 2,
        "class_name": "Industrial Persistent",
        "color": "#3b82f6",
        "confidence": 100.0,
        "is_accidental": false,
        "elevation_m": 103.0,
        "tropomi_no2": 0.000154210153,
        "tropomi_so2": 0.0003117340541852,
        "timestamp": "2024-03-07"
      }
    },
    {
      "type": "Feature",
      "geometry": {
        "type": "Point",
        "coordinates": [
          82.75844,
          21.79943
        ]
      },
      "properties": {
        "id": "HW-1261",
        "latitude": 21.79943,
        "longitude": 82.75844,
        "frp_mw": 4.89,
        "class_id": 1,
        "class_name": "Agricultural",
        "color": "#eab308",
        "confidence": 100.0,
        "is_accidental": false,
        "elevation_m": 234.0,
        "tropomi_no2": 0.0001216844322395,
        "tropomi_so2": 0.0004522148265262,
        "timestamp": "2024-01-12"
      }
    },
    {
      "type": "Feature",
      "geometry": {
        "type": "Point",
        "coordinates": [
          95.26833,
          27.31752
        ]
      },
      "properties": {
        "id": "HW-1262",
        "latitude": 27.31752,
        "longitude": 95.26833,
        "frp_mw": 1.21,
        "class_id": 3,
        "class_name": "Gas Flare",
        "color": "#8b5cf6",
        "confidence": 100.0,
        "is_accidental": false,
        "elevation_m": 118.0,
        "tropomi_no2": 6.714673233125557e-05,
        "tropomi_so2": 0.0001560516639259,
        "timestamp": "2024-11-29"
      }
    },
    {
      "type": "Feature",
      "geometry": {
        "type": "Point",
        "coordinates": [
          92.48147,
          23.07988
        ]
      },
      "properties": {
        "id": "HW-1263",
        "latitude": 23.07988,
        "longitude": 92.48147,
        "frp_mw": 51.24,
        "class_id": 0,
        "class_name": "Wildfire",
        "color": "#10b981",
        "confidence": 100.0,
        "is_accidental": false,
        "elevation_m": 82.0,
        "tropomi_no2": 6.111868145851766e-05,
        "tropomi_so2": 5.816910050751286e-05,
        "timestamp": "2024-03-11"
      }
    },
    {
      "type": "Feature",
      "geometry": {
        "type": "Point",
        "coordinates": [
          77.88288,
          16.45463
        ]
      },
      "properties": {
        "id": "HW-1264",
        "latitude": 16.45463,
        "longitude": 77.88288,
        "frp_mw": 4.7,
        "class_id": 1,
        "class_name": "Agricultural",
        "color": "#eab308",
        "confidence": 100.0,
        "is_accidental": false,
        "elevation_m": 352.0,
        "tropomi_no2": 6.555963594519651e-05,
        "tropomi_so2": 0.0001007760730194,
        "timestamp": "2024-02-15"
      }
    },
    {
      "type": "Feature",
      "geometry": {
        "type": "Point",
        "coordinates": [
          73.0944,
          24.82118
        ]
      },
      "properties": {
        "id": "HW-1265",
        "latitude": 24.82118,
        "longitude": 73.0944,
        "frp_mw": 2.27,
        "class_id": 2,
        "class_name": "Industrial Persistent",
        "color": "#3b82f6",
        "confidence": 100.0,
        "is_accidental": false,
        "elevation_m": 414.0,
        "tropomi_no2": 8.9628136969991e-05,
        "tropomi_so2": 0.0001230526362142,
        "timestamp": "2024-04-07"
      }
    },
    {
      "type": "Feature",
      "geometry": {
        "type": "Point",
        "coordinates": [
          83.84321,
          21.75838
        ]
      },
      "properties": {
        "id": "HW-1266",
        "latitude": 21.75838,
        "longitude": 83.84321,
        "frp_mw": 6.3,
        "class_id": 4,
        "class_name": "Accidental Fire",
        "color": "#ef4444",
        "confidence": 70.4,
        "is_accidental": true,
        "elevation_m": 207.0,
        "tropomi_no2": 0.0001667648436138,
        "tropomi_so2": 0.0006864725818691,
        "timestamp": "2024-10-31"
      }
    },
    {
      "type": "Feature",
      "geometry": {
        "type": "Point",
        "coordinates": [
          78.68948,
          19.21983
        ]
      },
      "properties": {
        "id": "HW-1267",
        "latitude": 19.21983,
        "longitude": 78.68948,
        "frp_mw": 1.27,
        "class_id": 0,
        "class_name": "Wildfire",
        "color": "#10b981",
        "confidence": 100.0,
        "is_accidental": false,
        "elevation_m": 259.0,
        "tropomi_no2": 6.500345538655678e-05,
        "tropomi_so2": 0.0001911068699606,
        "timestamp": "2024-03-07"
      }
    },
    {
      "type": "Feature",
      "geometry": {
        "type": "Point",
        "coordinates": [
          86.01295,
          20.96306
        ]
      },
      "properties": {
        "id": "HW-1268",
        "latitude": 20.96306,
        "longitude": 86.01295,
        "frp_mw": 9.27,
        "class_id": 4,
        "class_name": "Accidental Fire",
        "color": "#ef4444",
        "confidence": 77.4,
        "is_accidental": true,
        "elevation_m": 64.0,
        "tropomi_no2": 0.0001204969499804,
        "tropomi_so2": 0.0003539957287168,
        "timestamp": "2024-01-16"
      }
    },
    {
      "type": "Feature",
      "geometry": {
        "type": "Point",
        "coordinates": [
          82.8708,
          26.83681
        ]
      },
      "properties": {
        "id": "HW-1269",
        "latitude": 26.83681,
        "longitude": 82.8708,
        "frp_mw": 0.33,
        "class_id": 1,
        "class_name": "Agricultural",
        "color": "#eab308",
        "confidence": 100.0,
        "is_accidental": false,
        "elevation_m": 85.0,
        "tropomi_no2": 8.32452414281707e-05,
        "tropomi_so2": 0.0001569875042456,
        "timestamp": "2024-04-19"
      }
    },
    {
      "type": "Feature",
      "geometry": {
        "type": "Point",
        "coordinates": [
          77.6514,
          14.2467
        ]
      },
      "properties": {
        "id": "HW-1270",
        "latitude": 14.2467,
        "longitude": 77.6514,
        "frp_mw": 7.2,
        "class_id": 1,
        "class_name": "Agricultural",
        "color": "#eab308",
        "confidence": 100.0,
        "is_accidental": false,
        "elevation_m": 472.0,
        "tropomi_no2": 5.81046068378106e-05,
        "tropomi_so2": 3.200828555768906e-05,
        "timestamp": "2024-03-20"
      }
    },
    {
      "type": "Feature",
      "geometry": {
        "type": "Point",
        "coordinates": [
          81.64716,
          21.36379
        ]
      },
      "properties": {
        "id": "HW-1271",
        "latitude": 21.36379,
        "longitude": 81.64716,
        "frp_mw": 1.11,
        "class_id": 2,
        "class_name": "Industrial Persistent",
        "color": "#3b82f6",
        "confidence": 100.0,
        "is_accidental": false,
        "elevation_m": 274.0,
        "tropomi_no2": 0.0001569172882151,
        "tropomi_so2": 0.0005005787773753,
        "timestamp": "2024-01-23"
      }
    },
    {
      "type": "Feature",
      "geometry": {
        "type": "Point",
        "coordinates": [
          82.16611,
          19.10151
        ]
      },
      "properties": {
        "id": "HW-1272",
        "latitude": 19.10151,
        "longitude": 82.16611,
        "frp_mw": 1.79,
        "class_id": 2,
        "class_name": "Industrial Persistent",
        "color": "#3b82f6",
        "confidence": 100.0,
        "is_accidental": false,
        "elevation_m": 561.0,
        "tropomi_no2": 6.851035228328796e-05,
        "tropomi_so2": 0.0001114739480653,
        "timestamp": "2024-03-18"
      }
    },
    {
      "type": "Feature",
      "geometry": {
        "type": "Point",
        "coordinates": [
          95.4022,
          27.60251
        ]
      },
      "properties": {
        "id": "HW-1273",
        "latitude": 27.60251,
        "longitude": 95.4022,
        "frp_mw": 0.59,
        "class_id": 3,
        "class_name": "Gas Flare",
        "color": "#8b5cf6",
        "confidence": 100.0,
        "is_accidental": false,
        "elevation_m": 126.0,
        "tropomi_no2": 6.049112900194418e-05,
        "tropomi_so2": 0.0001630041258304,
        "timestamp": "2024-08-31"
      }
    },
    {
      "type": "Feature",
      "geometry": {
        "type": "Point",
        "coordinates": [
          84.03983,
          21.67949
        ]
      },
      "properties": {
        "id": "HW-1274",
        "latitude": 21.67949,
        "longitude": 84.03983,
        "frp_mw": 4.28,
        "class_id": 2,
        "class_name": "Industrial Persistent",
        "color": "#3b82f6",
        "confidence": 100.0,
        "is_accidental": false,
        "elevation_m": 203.0,
        "tropomi_no2": 0.0001653205190764,
        "tropomi_so2": 0.0008184102990036,
        "timestamp": "2024-11-19"
      }
    },
    {
      "type": "Feature",
      "geometry": {
        "type": "Point",
        "coordinates": [
          95.26849,
          27.31628
        ]
      },
      "properties": {
        "id": "HW-1275",
        "latitude": 27.31628,
        "longitude": 95.26849,
        "frp_mw": 1.24,
        "class_id": 3,
        "class_name": "Gas Flare",
        "color": "#8b5cf6",
        "confidence": 100.0,
        "is_accidental": false,
        "elevation_m": 116.0,
        "tropomi_no2": 6.714673233125557e-05,
        "tropomi_so2": 0.0001560516639259,
        "timestamp": "2024-11-08"
      }
    },
    {
      "type": "Feature",
      "geometry": {
        "type": "Point",
        "coordinates": [
          95.08929,
          27.37576
        ]
      },
      "properties": {
        "id": "HW-1276",
        "latitude": 27.37576,
        "longitude": 95.08929,
        "frp_mw": 1.35,
        "class_id": 3,
        "class_name": "Gas Flare",
        "color": "#8b5cf6",
        "confidence": 100.0,
        "is_accidental": false,
        "elevation_m": 110.0,
        "tropomi_no2": 6.280089004844842e-05,
        "tropomi_so2": 0.0001656060707138,
        "timestamp": "2024-03-24"
      }
    },
    {
      "type": "Feature",
      "geometry": {
        "type": "Point",
        "coordinates": [
          95.40042,
          27.53732
        ]
      },
      "properties": {
        "id": "HW-1277",
        "latitude": 27.53732,
        "longitude": 95.40042,
        "frp_mw": 0.27,
        "class_id": 3,
        "class_name": "Gas Flare",
        "color": "#8b5cf6",
        "confidence": 100.0,
        "is_accidental": false,
        "elevation_m": 127.0,
        "tropomi_no2": 6.332779091982854e-05,
        "tropomi_so2": 0.0001830959823261,
        "timestamp": "2024-12-20"
      }
    },
    {
      "type": "Feature",
      "geometry": {
        "type": "Point",
        "coordinates": [
          76.3765,
          15.17233
        ]
      },
      "properties": {
        "id": "HW-1278",
        "latitude": 15.17233,
        "longitude": 76.3765,
        "frp_mw": 1.63,
        "class_id": 2,
        "class_name": "Industrial Persistent",
        "color": "#3b82f6",
        "confidence": 100.0,
        "is_accidental": false,
        "elevation_m": 510.0,
        "tropomi_no2": 8.764622680223892e-05,
        "tropomi_so2": 0.0001753171062424,
        "timestamp": "2024-01-11"
      }
    },
    {
      "type": "Feature",
      "geometry": {
        "type": "Point",
        "coordinates": [
          75.33183,
          31.72665
        ]
      },
      "properties": {
        "id": "HW-1279",
        "latitude": 31.72665,
        "longitude": 75.33183,
        "frp_mw": 1.9,
        "class_id": 1,
        "class_name": "Agricultural",
        "color": "#eab308",
        "confidence": 100.0,
        "is_accidental": false,
        "elevation_m": 247.0,
        "tropomi_no2": 8.531448827722062e-05,
        "tropomi_so2": 0.0001942859112146,
        "timestamp": "2024-05-24"
      }
    },
    {
      "type": "Feature",
      "geometry": {
        "type": "Point",
        "coordinates": [
          95.47866,
          27.46181
        ]
      },
      "properties": {
        "id": "HW-1280",
        "latitude": 27.46181,
        "longitude": 95.47866,
        "frp_mw": 0.52,
        "class_id": 3,
        "class_name": "Gas Flare",
        "color": "#8b5cf6",
        "confidence": 100.0,
        "is_accidental": false,
        "elevation_m": 130.0,
        "tropomi_no2": 6.331676310163203e-05,
        "tropomi_so2": 0.000140503805622,
        "timestamp": "2024-01-02"
      }
    },
    {
      "type": "Feature",
      "geometry": {
        "type": "Point",
        "coordinates": [
          81.42,
          21.18
        ]
      },
      "properties": {
        "id": "HW-1281",
        "latitude": 21.18,
        "longitude": 81.42,
        "frp_mw": 4.21,
        "class_id": 2,
        "class_name": "Industrial Persistent",
        "color": "#3b82f6",
        "confidence": 100.0,
        "is_accidental": false,
        "elevation_m": 302.0,
        "tropomi_no2": 0.0001460527241117,
        "tropomi_so2": 0.0003901104534765,
        "timestamp": "2024-04-05"
      }
    },
    {
      "type": "Feature",
      "geometry": {
        "type": "Point",
        "coordinates": [
          86.2022,
          22.7896
        ]
      },
      "properties": {
        "id": "HW-1282",
        "latitude": 22.7896,
        "longitude": 86.2022,
        "frp_mw": 7.4,
        "class_id": 4,
        "class_name": "Accidental Fire",
        "color": "#ef4444",
        "confidence": 62.5,
        "is_accidental": true,
        "elevation_m": 167.0,
        "tropomi_no2": 0.0001705727294489,
        "tropomi_so2": 0.0004460124234932,
        "timestamp": "2024-01-13"
      }
    },
    {
      "type": "Feature",
      "geometry": {
        "type": "Point",
        "coordinates": [
          72.63438,
          21.11532
        ]
      },
      "properties": {
        "id": "HW-1283",
        "latitude": 21.11532,
        "longitude": 72.63438,
        "frp_mw": 0.94,
        "class_id": 2,
        "class_name": "Industrial Persistent",
        "color": "#3b82f6",
        "confidence": 100.0,
        "is_accidental": false,
        "elevation_m": 8.0,
        "tropomi_no2": 0.0001151197807873,
        "tropomi_so2": 0.0001460897471915,
        "timestamp": "2024-12-05"
      }
    },
    {
      "type": "Feature",
      "geometry": {
        "type": "Point",
        "coordinates": [
          77.48893,
          24.8071
        ]
      },
      "properties": {
        "id": "HW-1284",
        "latitude": 24.8071,
        "longitude": 77.48893,
        "frp_mw": 1.93,
        "class_id": 1,
        "class_name": "Agricultural",
        "color": "#eab308",
        "confidence": 100.0,
        "is_accidental": false,
        "elevation_m": 459.0,
        "tropomi_no2": 7.135387761444315e-05,
        "tropomi_so2": 0.0001089233787776,
        "timestamp": "2024-10-28"
      }
    },
    {
      "type": "Feature",
      "geometry": {
        "type": "Point",
        "coordinates": [
          73.12215,
          22.38538
        ]
      },
      "properties": {
        "id": "HW-1285",
        "latitude": 22.38538,
        "longitude": 73.12215,
        "frp_mw": 17.84,
        "class_id": 4,
        "class_name": "Accidental Fire",
        "color": "#ef4444",
        "confidence": 81.0,
        "is_accidental": true,
        "elevation_m": 40.0,
        "tropomi_no2": 0.0001165007788545,
        "tropomi_so2": 0.0002172843854642,
        "timestamp": "2024-12-15"
      }
    },
    {
      "type": "Feature",
      "geometry": {
        "type": "Point",
        "coordinates": [
          71.47197,
          26.86792
        ]
      },
      "properties": {
        "id": "HW-1286",
        "latitude": 26.86792,
        "longitude": 71.47197,
        "frp_mw": 3.55,
        "class_id": 2,
        "class_name": "Industrial Persistent",
        "color": "#3b82f6",
        "confidence": 100.0,
        "is_accidental": false,
        "elevation_m": 251.0,
        "tropomi_no2": 6.266000389835791e-05,
        "tropomi_so2": 4.703399695931564e-05,
        "timestamp": "2024-10-18"
      }
    },
    {
      "type": "Feature",
      "geometry": {
        "type": "Point",
        "coordinates": [
          86.01416,
          20.9971
        ]
      },
      "properties": {
        "id": "HW-1287",
        "latitude": 20.9971,
        "longitude": 86.01416,
        "frp_mw": 6.55,
        "class_id": 4,
        "class_name": "Accidental Fire",
        "color": "#ef4444",
        "confidence": 67.0,
        "is_accidental": true,
        "elevation_m": 66.0,
        "tropomi_no2": 0.0001204969499804,
        "tropomi_so2": 0.0003539957287168,
        "timestamp": "2024-11-14"
      }
    },
    {
      "type": "Feature",
      "geometry": {
        "type": "Point",
        "coordinates": [
          94.50581,
          26.77153
        ]
      },
      "properties": {
        "id": "HW-1288",
        "latitude": 26.77153,
        "longitude": 94.50581,
        "frp_mw": 2.56,
        "class_id": 3,
        "class_name": "Gas Flare",
        "color": "#8b5cf6",
        "confidence": 100.0,
        "is_accidental": false,
        "elevation_m": 108.0,
        "tropomi_no2": 6.371898835547716e-05,
        "tropomi_so2": 0.0001495563701094,
        "timestamp": "2024-05-25"
      }
    },
    {
      "type": "Feature",
      "geometry": {
        "type": "Point",
        "coordinates": [
          81.64674,
          21.39041
        ]
      },
      "properties": {
        "id": "HW-1289",
        "latitude": 21.39041,
        "longitude": 81.64674,
        "frp_mw": 1.59,
        "class_id": 2,
        "class_name": "Industrial Persistent",
        "color": "#3b82f6",
        "confidence": 100.0,
        "is_accidental": false,
        "elevation_m": 271.0,
        "tropomi_no2": 0.0001299267278503,
        "tropomi_so2": 0.0004354510678833,
        "timestamp": "2024-11-09"
      }
    },
    {
      "type": "Feature",
      "geometry": {
        "type": "Point",
        "coordinates": [
          72.76346,
          22.12948
        ]
      },
      "properties": {
        "id": "HW-1290",
        "latitude": 22.12948,
        "longitude": 72.76346,
        "frp_mw": 0.95,
        "class_id": 3,
        "class_name": "Gas Flare",
        "color": "#8b5cf6",
        "confidence": 100.0,
        "is_accidental": false,
        "elevation_m": 12.0,
        "tropomi_no2": 7.750905657762863e-05,
        "tropomi_so2": 0.0001383120104204,
        "timestamp": "2024-10-29"
      }
    },
    {
      "type": "Feature",
      "geometry": {
        "type": "Point",
        "coordinates": [
          87.30051,
          22.36589
        ]
      },
      "properties": {
        "id": "HW-1291",
        "latitude": 22.36589,
        "longitude": 87.30051,
        "frp_mw": 2.03,
        "class_id": 2,
        "class_name": "Industrial Persistent",
        "color": "#3b82f6",
        "confidence": 100.0,
        "is_accidental": false,
        "elevation_m": 33.0,
        "tropomi_no2": 0.0001170657652434,
        "tropomi_so2": 0.0003903009764129,
        "timestamp": "2024-10-02"
      }
    },
    {
      "type": "Feature",
      "geometry": {
        "type": "Point",
        "coordinates": [
          95.26491,
          27.31804
        ]
      },
      "properties": {
        "id": "HW-1292",
        "latitude": 27.31804,
        "longitude": 95.26491,
        "frp_mw": 1.51,
        "class_id": 3,
        "class_name": "Gas Flare",
        "color": "#8b5cf6",
        "confidence": 100.0,
        "is_accidental": false,
        "elevation_m": 125.0,
        "tropomi_no2": 6.314558410701683e-05,
        "tropomi_so2": 0.0001837750563417,
        "timestamp": "2024-12-15"
      }
    },
    {
      "type": "Feature",
      "geometry": {
        "type": "Point",
        "coordinates": [
          95.42256,
          27.46957
        ]
      },
      "properties": {
        "id": "HW-1293",
        "latitude": 27.46957,
        "longitude": 95.42256,
        "frp_mw": 1.06,
        "class_id": 3,
        "class_name": "Gas Flare",
        "color": "#8b5cf6",
        "confidence": 100.0,
        "is_accidental": false,
        "elevation_m": 123.0,
        "tropomi_no2": 6.441483532367961e-05,
        "tropomi_so2": 0.0001239199094772,
        "timestamp": "2024-01-02"
      }
    },
    {
      "type": "Feature",
      "geometry": {
        "type": "Point",
        "coordinates": [
          86.38556,
          23.68644
        ]
      },
      "properties": {
        "id": "HW-1294",
        "latitude": 23.68644,
        "longitude": 86.38556,
        "frp_mw": 3.84,
        "class_id": 1,
        "class_name": "Agricultural",
        "color": "#eab308",
        "confidence": 100.0,
        "is_accidental": false,
        "elevation_m": 135.0,
        "tropomi_no2": 0.0001230236391864,
        "tropomi_so2": 0.000261972714146,
        "timestamp": "2024-11-28"
      }
    },
    {
      "type": "Feature",
      "geometry": {
        "type": "Point",
        "coordinates": [
          78.63058,
          25.87631
        ]
      },
      "properties": {
        "id": "HW-1295",
        "latitude": 25.87631,
        "longitude": 78.63058,
        "frp_mw": 4.54,
        "class_id": 1,
        "class_name": "Agricultural",
        "color": "#eab308",
        "confidence": 100.0,
        "is_accidental": false,
        "elevation_m": 179.0,
        "tropomi_no2": 7.617446105848307e-05,
        "tropomi_so2": 6.758024438079719e-05,
        "timestamp": "2024-11-20"
      }
    },
    {
      "type": "Feature",
      "geometry": {
        "type": "Point",
        "coordinates": [
          72.76485,
          22.13135
        ]
      },
      "properties": {
        "id": "HW-1296",
        "latitude": 22.13135,
        "longitude": 72.76485,
        "frp_mw": 3.12,
        "class_id": 3,
        "class_name": "Gas Flare",
        "color": "#8b5cf6",
        "confidence": 100.0,
        "is_accidental": false,
        "elevation_m": 15.0,
        "tropomi_no2": 7.750905657762863e-05,
        "tropomi_so2": 0.0001383120104204,
        "timestamp": "2024-06-18"
      }
    },
    {
      "type": "Feature",
      "geometry": {
        "type": "Point",
        "coordinates": [
          72.04971,
          27.39744
        ]
      },
      "properties": {
        "id": "HW-1297",
        "latitude": 27.39744,
        "longitude": 72.04971,
        "frp_mw": 9.74,
        "class_id": 4,
        "class_name": "Accidental Fire",
        "color": "#ef4444",
        "confidence": 91.7,
        "is_accidental": true,
        "elevation_m": 201.0,
        "tropomi_no2": 6.328193908070012e-05,
        "tropomi_so2": 8.316290583307965e-05,
        "timestamp": "2024-11-22"
      }
    },
    {
      "type": "Feature",
      "geometry": {
        "type": "Point",
        "coordinates": [
          87.24055,
          23.56009
        ]
      },
      "properties": {
        "id": "HW-1298",
        "latitude": 23.56009,
        "longitude": 87.24055,
        "frp_mw": 13.14,
        "class_id": 4,
        "class_name": "Accidental Fire",
        "color": "#ef4444",
        "confidence": 89.0,
        "is_accidental": true,
        "elevation_m": 78.0,
        "tropomi_no2": 0.0002077253505553,
        "tropomi_so2": 0.0003591989723347,
        "timestamp": "2024-12-07"
      }
    },
    {
      "type": "Feature",
      "geometry": {
        "type": "Point",
        "coordinates": [
          76.6613,
          15.1766
        ]
      },
      "properties": {
        "id": "HW-1299",
        "latitude": 15.1766,
        "longitude": 76.6613,
        "frp_mw": 7.7,
        "class_id": 4,
        "class_name": "Accidental Fire",
        "color": "#ef4444",
        "confidence": 91.5,
        "is_accidental": true,
        "elevation_m": 491.0,
        "tropomi_no2": 0.0001483026758164,
        "tropomi_so2": 0.0002799090606206,
        "timestamp": "2024-01-30"
      }
    },
    {
      "type": "Feature",
      "geometry": {
        "type": "Point",
        "coordinates": [
          86.2057,
          22.8001
        ]
      },
      "properties": {
        "id": "HW-1300",
        "latitude": 22.8001,
        "longitude": 86.2057,
        "frp_mw": 29.7,
        "class_id": 4,
        "class_name": "Accidental Fire",
        "color": "#ef4444",
        "confidence": 99.6,
        "is_accidental": true,
        "elevation_m": 150.0,
        "tropomi_no2": 0.0001705727294489,
        "tropomi_so2": 0.0004460124234932,
        "timestamp": "2024-10-12"
      }
    },
    {
      "type": "Feature",
      "geometry": {
        "type": "Point",
        "coordinates": [
          84.0413,
          21.71408
        ]
      },
      "properties": {
        "id": "HW-1301",
        "latitude": 21.71408,
        "longitude": 84.0413,
        "frp_mw": 0.71,
        "class_id": 2,
        "class_name": "Industrial Persistent",
        "color": "#3b82f6",
        "confidence": 100.0,
        "is_accidental": false,
        "elevation_m": 198.0,
        "tropomi_no2": 0.0002405626313249,
        "tropomi_so2": 0.001149212149226,
        "timestamp": "2024-03-09"
      }
    },
    {
      "type": "Feature",
      "geometry": {
        "type": "Point",
        "coordinates": [
          94.50709,
          26.77346
        ]
      },
      "properties": {
        "id": "HW-1302",
        "latitude": 26.77346,
        "longitude": 94.50709,
        "frp_mw": 4.73,
        "class_id": 3,
        "class_name": "Gas Flare",
        "color": "#8b5cf6",
        "confidence": 100.0,
        "is_accidental": false,
        "elevation_m": 105.0,
        "tropomi_no2": 6.371898835547716e-05,
        "tropomi_so2": 0.0001495563701094,
        "timestamp": "2024-07-28"
      }
    },
    {
      "type": "Feature",
      "geometry": {
        "type": "Point",
        "coordinates": [
          89.77913,
          26.64625
        ]
      },
      "properties": {
        "id": "HW-1303",
        "latitude": 26.64625,
        "longitude": 89.77913,
        "frp_mw": 3.47,
        "class_id": 1,
        "class_name": "Agricultural",
        "color": "#eab308",
        "confidence": 100.0,
        "is_accidental": false,
        "elevation_m": 96.0,
        "tropomi_no2": 6.939954547832041e-05,
        "tropomi_so2": 0.0002305822101558,
        "timestamp": "2024-02-24"
      }
    },
    {
      "type": "Feature",
      "geometry": {
        "type": "Point",
        "coordinates": [
          92.0437,
          25.81889
        ]
      },
      "properties": {
        "id": "HW-1304",
        "latitude": 25.81889,
        "longitude": 92.0437,
        "frp_mw": 5.35,
        "class_id": 1,
        "class_name": "Agricultural",
        "color": "#eab308",
        "confidence": 100.0,
        "is_accidental": false,
        "elevation_m": 1007.0,
        "tropomi_no2": 6.337549665456564e-05,
        "tropomi_so2": 3.8634446948610354e-05,
        "timestamp": "2024-04-06"
      }
    },
    {
      "type": "Feature",
      "geometry": {
        "type": "Point",
        "coordinates": [
          88.68113,
          25.36017
        ]
      },
      "properties": {
        "id": "HW-1305",
        "latitude": 25.36017,
        "longitude": 88.68113,
        "frp_mw": 3.53,
        "class_id": 1,
        "class_name": "Agricultural",
        "color": "#eab308",
        "confidence": 100.0,
        "is_accidental": false,
        "elevation_m": 29.0,
        "tropomi_no2": 7.747863641834877e-05,
        "tropomi_so2": 8.494288455603809e-05,
        "timestamp": "2024-04-15"
      }
    },
    {
      "type": "Feature",
      "geometry": {
        "type": "Point",
        "coordinates": [
          85.25938,
          20.78779
        ]
      },
      "properties": {
        "id": "HW-1306",
        "latitude": 20.78779,
        "longitude": 85.25938,
        "frp_mw": 7.86,
        "class_id": 2,
        "class_name": "Industrial Persistent",
        "color": "#3b82f6",
        "confidence": 92.9,
        "is_accidental": false,
        "elevation_m": 81.0,
        "tropomi_no2": 0.0001945068755857,
        "tropomi_so2": 0.000697211145744,
        "timestamp": "2024-10-08"
      }
    },
    {
      "type": "Feature",
      "geometry": {
        "type": "Point",
        "coordinates": [
          84.02169,
          21.77492
        ]
      },
      "properties": {
        "id": "HW-1307",
        "latitude": 21.77492,
        "longitude": 84.02169,
        "frp_mw": 2.63,
        "class_id": 2,
        "class_name": "Industrial Persistent",
        "color": "#3b82f6",
        "confidence": 100.0,
        "is_accidental": false,
        "elevation_m": 222.0,
        "tropomi_no2": 0.0002647564691818,
        "tropomi_so2": 0.0012821766136909,
        "timestamp": "2024-05-05"
      }
    },
    {
      "type": "Feature",
      "geometry": {
        "type": "Point",
        "coordinates": [
          80.30824,
          16.7756
        ]
      },
      "properties": {
        "id": "HW-1308",
        "latitude": 16.7756,
        "longitude": 80.30824,
        "frp_mw": 3.59,
        "class_id": 1,
        "class_name": "Agricultural",
        "color": "#eab308",
        "confidence": 100.0,
        "is_accidental": false,
        "elevation_m": 43.0,
        "tropomi_no2": 7.832162373355573e-05,
        "tropomi_so2": 0.0001358093148574,
        "timestamp": "2024-04-27"
      }
    },
    {
      "type": "Feature",
      "geometry": {
        "type": "Point",
        "coordinates": [
          71.84472,
          22.75255
        ]
      },
      "properties": {
        "id": "HW-1309",
        "latitude": 22.75255,
        "longitude": 71.84472,
        "frp_mw": 1.76,
        "class_id": 1,
        "class_name": "Agricultural",
        "color": "#eab308",
        "confidence": 100.0,
        "is_accidental": false,
        "elevation_m": 31.0,
        "tropomi_no2": 7.53344208800021e-05,
        "tropomi_so2": 0.0001632554429261,
        "timestamp": "2024-11-07"
      }
    },
    {
      "type": "Feature",
      "geometry": {
        "type": "Point",
        "coordinates": [
          95.26607,
          27.31679
        ]
      },
      "properties": {
        "id": "HW-1310",
        "latitude": 27.31679,
        "longitude": 95.26607,
        "frp_mw": 1.08,
        "class_id": 3,
        "class_name": "Gas Flare",
        "color": "#8b5cf6",
        "confidence": 100.0,
        "is_accidental": false,
        "elevation_m": 121.0,
        "tropomi_no2": 6.314558410701683e-05,
        "tropomi_so2": 0.0001837750563417,
        "timestamp": "2024-11-10"
      }
    },
    {
      "type": "Feature",
      "geometry": {
        "type": "Point",
        "coordinates": [
          88.08466,
          22.0391
        ]
      },
      "properties": {
        "id": "HW-1311",
        "latitude": 22.0391,
        "longitude": 88.08466,
        "frp_mw": 1.41,
        "class_id": 2,
        "class_name": "Industrial Persistent",
        "color": "#3b82f6",
        "confidence": 100.0,
        "is_accidental": false,
        "elevation_m": 9.0,
        "tropomi_no2": 0.0001083127258459,
        "tropomi_so2": 0.0002847820930366,
        "timestamp": "2024-11-23"
      }
    },
    {
      "type": "Feature",
      "geometry": {
        "type": "Point",
        "coordinates": [
          85.25711,
          20.80645
        ]
      },
      "properties": {
        "id": "HW-1312",
        "latitude": 20.80645,
        "longitude": 85.25711,
        "frp_mw": 6.11,
        "class_id": 4,
        "class_name": "Accidental Fire",
        "color": "#ef4444",
        "confidence": 57.7,
        "is_accidental": true,
        "elevation_m": 79.0,
        "tropomi_no2": 0.0001945068755857,
        "tropomi_so2": 0.000697211145744,
        "timestamp": "2024-03-30"
      }
    },
    {
      "type": "Feature",
      "geometry": {
        "type": "Point",
        "coordinates": [
          71.76571,
          25.29958
        ]
      },
      "properties": {
        "id": "HW-1313",
        "latitude": 25.29958,
        "longitude": 71.76571,
        "frp_mw": 1.62,
        "class_id": 3,
        "class_name": "Gas Flare",
        "color": "#8b5cf6",
        "confidence": 100.0,
        "is_accidental": false,
        "elevation_m": 54.0,
        "tropomi_no2": 6.596182791940816e-05,
        "tropomi_so2": 0.0001082144683123,
        "timestamp": "2024-10-14"
      }
    },
    {
      "type": "Feature",
      "geometry": {
        "type": "Point",
        "coordinates": [
          80.41829,
          22.49827
        ]
      },
      "properties": {
        "id": "HW-1314",
        "latitude": 22.49827,
        "longitude": 80.41829,
        "frp_mw": 2.01,
        "class_id": 1,
        "class_name": "Agricultural",
        "color": "#eab308",
        "confidence": 100.0,
        "is_accidental": false,
        "elevation_m": 449.0,
        "tropomi_no2": 6.669730144849941e-05,
        "tropomi_so2": 0.0001421292815987,
        "timestamp": "2024-11-25"
      }
    },
    {
      "type": "Feature",
      "geometry": {
        "type": "Point",
        "coordinates": [
          74.14777,
          15.27865
        ]
      },
      "properties": {
        "id": "HW-1315",
        "latitude": 15.27865,
        "longitude": 74.14777,
        "frp_mw": 0.66,
        "class_id": 2,
        "class_name": "Industrial Persistent",
        "color": "#3b82f6",
        "confidence": 100.0,
        "is_accidental": false,
        "elevation_m": 90.0,
        "tropomi_no2": 5.662016712354248e-05,
        "tropomi_so2": 8.304396711824677e-05,
        "timestamp": "2024-01-01"
      }
    },
    {
      "type": "Feature",
      "geometry": {
        "type": "Point",
        "coordinates": [
          85.255,
          20.7893
        ]
      },
      "properties": {
        "id": "HW-1316",
        "latitude": 20.7893,
        "longitude": 85.255,
        "frp_mw": 13.8,
        "class_id": 4,
        "class_name": "Accidental Fire",
        "color": "#ef4444",
        "confidence": 83.6,
        "is_accidental": true,
        "elevation_m": 86.0,
        "tropomi_no2": 0.0001945068755857,
        "tropomi_so2": 0.000697211145744,
        "timestamp": "2024-12-12"
      }
    },
    {
      "type": "Feature",
      "geometry": {
        "type": "Point",
        "coordinates": [
          79.79568,
          28.91368
        ]
      },
      "properties": {
        "id": "HW-1317",
        "latitude": 28.91368,
        "longitude": 79.79568,
        "frp_mw": 4.03,
        "class_id": 1,
        "class_name": "Agricultural",
        "color": "#eab308",
        "confidence": 100.0,
        "is_accidental": false,
        "elevation_m": 207.0,
        "tropomi_no2": 7.798443109613629e-05,
        "tropomi_so2": 0.0001523021856644,
        "timestamp": "2024-05-04"
      }
    },
    {
      "type": "Feature",
      "geometry": {
        "type": "Point",
        "coordinates": [
          95.42426,
          27.47038
        ]
      },
      "properties": {
        "id": "HW-1318",
        "latitude": 27.47038,
        "longitude": 95.42426,
        "frp_mw": 1.09,
        "class_id": 3,
        "class_name": "Gas Flare",
        "color": "#8b5cf6",
        "confidence": 100.0,
        "is_accidental": false,
        "elevation_m": 124.0,
        "tropomi_no2": 6.441483532367961e-05,
        "tropomi_so2": 0.0001239199094772,
        "timestamp": "2024-01-15"
      }
    },
    {
      "type": "Feature",
      "geometry": {
        "type": "Point",
        "coordinates": [
          94.50574,
          26.77181
        ]
      },
      "properties": {
        "id": "HW-1319",
        "latitude": 26.77181,
        "longitude": 94.50574,
        "frp_mw": 0.77,
        "class_id": 3,
        "class_name": "Gas Flare",
        "color": "#8b5cf6",
        "confidence": 100.0,
        "is_accidental": false,
        "elevation_m": 107.0,
        "tropomi_no2": 6.371898835547716e-05,
        "tropomi_so2": 0.0001495563701094,
        "timestamp": "2024-12-31"
      }
    },
    {
      "type": "Feature",
      "geometry": {
        "type": "Point",
        "coordinates": [
          81.43829,
          21.32312
        ]
      },
      "properties": {
        "id": "HW-1320",
        "latitude": 21.32312,
        "longitude": 81.43829,
        "frp_mw": 3.5,
        "class_id": 1,
        "class_name": "Agricultural",
        "color": "#eab308",
        "confidence": 100.0,
        "is_accidental": false,
        "elevation_m": 297.0,
        "tropomi_no2": 0.0001179323197529,
        "tropomi_so2": 0.0003379790013354,
        "timestamp": "2024-04-20"
      }
    },
    {
      "type": "Feature",
      "geometry": {
        "type": "Point",
        "coordinates": [
          73.5121,
          29.36106
        ]
      },
      "properties": {
        "id": "HW-1321",
        "latitude": 29.36106,
        "longitude": 73.5121,
        "frp_mw": 30.85,
        "class_id": 4,
        "class_name": "Accidental Fire",
        "color": "#ef4444",
        "confidence": 93.5,
        "is_accidental": true,
        "elevation_m": 164.0,
        "tropomi_no2": 7.885325732759333e-05,
        "tropomi_so2": 8.020673894866235e-05,
        "timestamp": "2024-11-01"
      }
    },
    {
      "type": "Feature",
      "geometry": {
        "type": "Point",
        "coordinates": [
          79.63248,
          22.20183
        ]
      },
      "properties": {
        "id": "HW-1322",
        "latitude": 22.20183,
        "longitude": 79.63248,
        "frp_mw": 12.15,
        "class_id": 0,
        "class_name": "Wildfire",
        "color": "#10b981",
        "confidence": 100.0,
        "is_accidental": false,
        "elevation_m": 577.0,
        "tropomi_no2": 6.672794393257163e-05,
        "tropomi_so2": 9.454174811667943e-05,
        "timestamp": "2024-05-28"
      }
    },
    {
      "type": "Feature",
      "geometry": {
        "type": "Point",
        "coordinates": [
          71.07874,
          26.33725
        ]
      },
      "properties": {
        "id": "HW-1323",
        "latitude": 26.33725,
        "longitude": 71.07874,
        "frp_mw": 22.7,
        "class_id": 4,
        "class_name": "Accidental Fire",
        "color": "#ef4444",
        "confidence": 95.1,
        "is_accidental": true,
        "elevation_m": 248.0,
        "tropomi_no2": 6.085808276779932e-05,
        "tropomi_so2": 4.224820693270162e-05,
        "timestamp": "2024-10-18"
      }
    },
    {
      "type": "Feature",
      "geometry": {
        "type": "Point",
        "coordinates": [
          79.38839879956356,
          29.864551924599255
        ]
      },
      "properties": {
        "id": "HW-1324",
        "latitude": 29.864551924599255,
        "longitude": 79.38839879956356,
        "frp_mw": 1.9618990467413255,
        "class_id": 0,
        "class_name": "Wildfire",
        "color": "#10b981",
        "confidence": 100.0,
        "is_accidental": false,
        "elevation_m": 1634.0,
        "tropomi_no2": 6.375874441108004e-05,
        "tropomi_so2": 0.0001487525243564,
        "timestamp": "2024-04-18"
      }
    },
    {
      "type": "Feature",
      "geometry": {
        "type": "Point",
        "coordinates": [
          88.08,
          22.06
        ]
      },
      "properties": {
        "id": "HW-1325",
        "latitude": 22.06,
        "longitude": 88.08,
        "frp_mw": 1.37,
        "class_id": 2,
        "class_name": "Industrial Persistent",
        "color": "#3b82f6",
        "confidence": 100.0,
        "is_accidental": false,
        "elevation_m": 7.0,
        "tropomi_no2": 0.0001083127258459,
        "tropomi_so2": 0.0002847820930366,
        "timestamp": "2024-11-16"
      }
    },
    {
      "type": "Feature",
      "geometry": {
        "type": "Point",
        "coordinates": [
          78.1373,
          30.9327
        ]
      },
      "properties": {
        "id": "HW-1326",
        "latitude": 30.9327,
        "longitude": 78.1373,
        "frp_mw": 15.1,
        "class_id": 0,
        "class_name": "Wildfire",
        "color": "#10b981",
        "confidence": 100.0,
        "is_accidental": false,
        "elevation_m": 1925.0,
        "tropomi_no2": 6.108433177284848e-05,
        "tropomi_so2": 0.0002788550230833,
        "timestamp": "2024-06-12"
      }
    },
    {
      "type": "Feature",
      "geometry": {
        "type": "Point",
        "coordinates": [
          87.23615,
          23.56175
        ]
      },
      "properties": {
        "id": "HW-1327",
        "latitude": 23.56175,
        "longitude": 87.23615,
        "frp_mw": 1.91,
        "class_id": 2,
        "class_name": "Industrial Persistent",
        "color": "#3b82f6",
        "confidence": 100.0,
        "is_accidental": false,
        "elevation_m": 81.0,
        "tropomi_no2": 0.0002077253505553,
        "tropomi_so2": 0.0003591989723347,
        "timestamp": "2024-03-01"
      }
    },
    {
      "type": "Feature",
      "geometry": {
        "type": "Point",
        "coordinates": [
          81.82166,
          27.79902
        ]
      },
      "properties": {
        "id": "HW-1328",
        "latitude": 27.79902,
        "longitude": 81.82166,
        "frp_mw": 14.31,
        "class_id": 1,
        "class_name": "Agricultural",
        "color": "#eab308",
        "confidence": 100.0,
        "is_accidental": false,
        "elevation_m": 126.0,
        "tropomi_no2": 7.307619513070111e-05,
        "tropomi_so2": 0.0001091703873079,
        "timestamp": "2024-04-30"
      }
    },
    {
      "type": "Feature",
      "geometry": {
        "type": "Point",
        "coordinates": [
          93.89347,
          26.05904
        ]
      },
      "properties": {
        "id": "HW-1329",
        "latitude": 26.05904,
        "longitude": 93.89347,
        "frp_mw": 0.48,
        "class_id": 3,
        "class_name": "Gas Flare",
        "color": "#8b5cf6",
        "confidence": 100.0,
        "is_accidental": false,
        "elevation_m": 133.0,
        "tropomi_no2": 6.052763242286171e-05,
        "tropomi_so2": 0.0001146244553151,
        "timestamp": "2024-11-17"
      }
    },
    {
      "type": "Feature",
      "geometry": {
        "type": "Point",
        "coordinates": [
          85.50053,
          23.82731
        ]
      },
      "properties": {
        "id": "HW-1330",
        "latitude": 23.82731,
        "longitude": 85.50053,
        "frp_mw": 1.16,
        "class_id": 1,
        "class_name": "Agricultural",
        "color": "#eab308",
        "confidence": 100.0,
        "is_accidental": false,
        "elevation_m": 410.0,
        "tropomi_no2": 9.2829823592179e-05,
        "tropomi_so2": 0.0002308359774608,
        "timestamp": "2024-03-12"
      }
    },
    {
      "type": "Feature",
      "geometry": {
        "type": "Point",
        "coordinates": [
          74.52932,
          32.96707
        ]
      },
      "properties": {
        "id": "HW-1331",
        "latitude": 32.96707,
        "longitude": 74.52932,
        "frp_mw": 2.08,
        "class_id": 0,
        "class_name": "Wildfire",
        "color": "#10b981",
        "confidence": 100.0,
        "is_accidental": false,
        "elevation_m": 414.0,
        "tropomi_no2": 7.232775604186246e-05,
        "tropomi_so2": 0.0002933420541411,
        "timestamp": "2024-05-19"
      }
    },
    {
      "type": "Feature",
      "geometry": {
        "type": "Point",
        "coordinates": [
          73.8895,
          24.4882
        ]
      },
      "properties": {
        "id": "HW-1332",
        "latitude": 24.4882,
        "longitude": 73.8895,
        "frp_mw": 13.3,
        "class_id": 0,
        "class_name": "Wildfire",
        "color": "#10b981",
        "confidence": 100.0,
        "is_accidental": false,
        "elevation_m": 440.0,
        "tropomi_no2": 7.784956735856442e-05,
        "tropomi_so2": 0.0001055729550445,
        "timestamp": "2024-02-28"
      }
    },
    {
      "type": "Feature",
      "geometry": {
        "type": "Point",
        "coordinates": [
          80.86575,
          17.34796
        ]
      },
      "properties": {
        "id": "HW-1333",
        "latitude": 17.34796,
        "longitude": 80.86575,
        "frp_mw": 4.7,
        "class_id": 0,
        "class_name": "Wildfire",
        "color": "#10b981",
        "confidence": 100.0,
        "is_accidental": false,
        "elevation_m": 275.0,
        "tropomi_no2": 6.425114203888222e-05,
        "tropomi_so2": 4.6847718511247265e-05,
        "timestamp": "2024-05-01"
      }
    },
    {
      "type": "Feature",
      "geometry": {
        "type": "Point",
        "coordinates": [
          77.95554,
          19.78601
        ]
      },
      "properties": {
        "id": "HW-1334",
        "latitude": 19.78601,
        "longitude": 77.95554,
        "frp_mw": 3.22,
        "class_id": 1,
        "class_name": "Agricultural",
        "color": "#eab308",
        "confidence": 100.0,
        "is_accidental": false,
        "elevation_m": 364.0,
        "tropomi_no2": 6.562454827465421e-05,
        "tropomi_so2": 0.000151308620533,
        "timestamp": "2024-04-09"
      }
    },
    {
      "type": "Feature",
      "geometry": {
        "type": "Point",
        "coordinates": [
          80.52142,
          17.51603
        ]
      },
      "properties": {
        "id": "HW-1335",
        "latitude": 17.51603,
        "longitude": 80.52142,
        "frp_mw": 2.76,
        "class_id": 1,
        "class_name": "Agricultural",
        "color": "#eab308",
        "confidence": 100.0,
        "is_accidental": false,
        "elevation_m": 137.0,
        "tropomi_no2": 7.452154006708437e-05,
        "tropomi_so2": 0.0001831719120523,
        "timestamp": "2024-03-03"
      }
    },
    {
      "type": "Feature",
      "geometry": {
        "type": "Point",
        "coordinates": [
          69.87634,
          22.34481
        ]
      },
      "properties": {
        "id": "HW-1336",
        "latitude": 22.34481,
        "longitude": 69.87634,
        "frp_mw": 0.48,
        "class_id": 3,
        "class_name": "Gas Flare",
        "color": "#8b5cf6",
        "confidence": 99.9,
        "is_accidental": false,
        "elevation_m": 46.0,
        "tropomi_no2": 0.0001168066544054,
        "tropomi_so2": 0.0001894671177504,
        "timestamp": "2024-02-02"
      }
    },
    {
      "type": "Feature",
      "geometry": {
        "type": "Point",
        "coordinates": [
          95.26334,
          27.31733
        ]
      },
      "properties": {
        "id": "HW-1337",
        "latitude": 27.31733,
        "longitude": 95.26334,
        "frp_mw": 2.02,
        "class_id": 3,
        "class_name": "Gas Flare",
        "color": "#8b5cf6",
        "confidence": 100.0,
        "is_accidental": false,
        "elevation_m": 123.0,
        "tropomi_no2": 6.314558410701683e-05,
        "tropomi_so2": 0.0001837750563417,
        "timestamp": "2024-10-17"
      }
    },
    {
      "type": "Feature",
      "geometry": {
        "type": "Point",
        "coordinates": [
          87.29868,
          22.36645
        ]
      },
      "properties": {
        "id": "HW-1338",
        "latitude": 22.36645,
        "longitude": 87.29868,
        "frp_mw": 3.04,
        "class_id": 2,
        "class_name": "Industrial Persistent",
        "color": "#3b82f6",
        "confidence": 100.0,
        "is_accidental": false,
        "elevation_m": 32.0,
        "tropomi_no2": 0.0001170657652434,
        "tropomi_so2": 0.0003903009764129,
        "timestamp": "2024-11-08"
      }
    },
    {
      "type": "Feature",
      "geometry": {
        "type": "Point",
        "coordinates": [
          80.2223,
          18.91138
        ]
      },
      "properties": {
        "id": "HW-1339",
        "latitude": 18.91138,
        "longitude": 80.2223,
        "frp_mw": 4.64,
        "class_id": 0,
        "class_name": "Wildfire",
        "color": "#10b981",
        "confidence": 100.0,
        "is_accidental": false,
        "elevation_m": 145.0,
        "tropomi_no2": 6.678915204416782e-05,
        "tropomi_so2": 8.369007198763758e-05,
        "timestamp": "2024-03-24"
      }
    },
    {
      "type": "Feature",
      "geometry": {
        "type": "Point",
        "coordinates": [
          81.18174,
          17.2762
        ]
      },
      "properties": {
        "id": "HW-1340",
        "latitude": 17.2762,
        "longitude": 81.18174,
        "frp_mw": 7.73,
        "class_id": 0,
        "class_name": "Wildfire",
        "color": "#10b981",
        "confidence": 100.0,
        "is_accidental": false,
        "elevation_m": 159.0,
        "tropomi_no2": 6.109914382096312e-05,
        "tropomi_so2": 8.279153877883262e-05,
        "timestamp": "2024-04-12"
      }
    },
    {
      "type": "Feature",
      "geometry": {
        "type": "Point",
        "coordinates": [
          84.03688,
          21.67867
        ]
      },
      "properties": {
        "id": "HW-1341",
        "latitude": 21.67867,
        "longitude": 84.03688,
        "frp_mw": 3.03,
        "class_id": 2,
        "class_name": "Industrial Persistent",
        "color": "#3b82f6",
        "confidence": 100.0,
        "is_accidental": false,
        "elevation_m": 194.0,
        "tropomi_no2": 0.0001653205190764,
        "tropomi_so2": 0.0008184102990036,
        "timestamp": "2024-10-05"
      }
    },
    {
      "type": "Feature",
      "geometry": {
        "type": "Point",
        "coordinates": [
          74.7943,
          16.1727
        ]
      },
      "properties": {
        "id": "HW-1342",
        "latitude": 16.1727,
        "longitude": 74.7943,
        "frp_mw": 19.5,
        "class_id": 4,
        "class_name": "Accidental Fire",
        "color": "#ef4444",
        "confidence": 98.9,
        "is_accidental": true,
        "elevation_m": 729.0,
        "tropomi_no2": 6.347376376791394e-05,
        "tropomi_so2": 9.789272115734916e-05,
        "timestamp": "2024-11-07"
      }
    },
    {
      "type": "Feature",
      "geometry": {
        "type": "Point",
        "coordinates": [
          95.08887,
          27.37768
        ]
      },
      "properties": {
        "id": "HW-1343",
        "latitude": 27.37768,
        "longitude": 95.08887,
        "frp_mw": 0.76,
        "class_id": 3,
        "class_name": "Gas Flare",
        "color": "#8b5cf6",
        "confidence": 100.0,
        "is_accidental": false,
        "elevation_m": 108.0,
        "tropomi_no2": 6.280089004844842e-05,
        "tropomi_so2": 0.0001656060707138,
        "timestamp": "2024-11-08"
      }
    },
    {
      "type": "Feature",
      "geometry": {
        "type": "Point",
        "coordinates": [
          82.27489,
          21.20545
        ]
      },
      "properties": {
        "id": "HW-1344",
        "latitude": 21.20545,
        "longitude": 82.27489,
        "frp_mw": 3.57,
        "class_id": 1,
        "class_name": "Agricultural",
        "color": "#eab308",
        "confidence": 100.0,
        "is_accidental": false,
        "elevation_m": 310.0,
        "tropomi_no2": 8.55376281368055e-05,
        "tropomi_so2": 0.0003211617310945,
        "timestamp": "2024-01-10"
      }
    },
    {
      "type": "Feature",
      "geometry": {
        "type": "Point",
        "coordinates": [
          83.36549,
          19.07615
        ]
      },
      "properties": {
        "id": "HW-1345",
        "latitude": 19.07615,
        "longitude": 83.36549,
        "frp_mw": 6.87,
        "class_id": 0,
        "class_name": "Wildfire",
        "color": "#10b981",
        "confidence": 100.0,
        "is_accidental": false,
        "elevation_m": 343.0,
        "tropomi_no2": 6.009511964168426e-05,
        "tropomi_so2": 7.387639760855766e-05,
        "timestamp": "2024-03-15"
      }
    },
    {
      "type": "Feature",
      "geometry": {
        "type": "Point",
        "coordinates": [
          86.0096,
          20.9583
        ]
      },
      "properties": {
        "id": "HW-1346",
        "latitude": 20.9583,
        "longitude": 86.0096,
        "frp_mw": 21.6,
        "class_id": 4,
        "class_name": "Accidental Fire",
        "color": "#ef4444",
        "confidence": 81.5,
        "is_accidental": true,
        "elevation_m": 74.0,
        "tropomi_no2": 0.0001204969499804,
        "tropomi_so2": 0.0003539957287168,
        "timestamp": "2024-11-21"
      }
    },
    {
      "type": "Feature",
      "geometry": {
        "type": "Point",
        "coordinates": [
          71.04538,
          26.33155
        ]
      },
      "properties": {
        "id": "HW-1347",
        "latitude": 26.33155,
        "longitude": 71.04538,
        "frp_mw": 19.35,
        "class_id": 4,
        "class_name": "Accidental Fire",
        "color": "#ef4444",
        "confidence": 86.5,
        "is_accidental": true,
        "elevation_m": 242.0,
        "tropomi_no2": 6.105071739467305e-05,
        "tropomi_so2": 3.2759864959268885e-05,
        "timestamp": "2024-10-18"
      }
    },
    {
      "type": "Feature",
      "geometry": {
        "type": "Point",
        "coordinates": [
          84.99503,
          20.86563
        ]
      },
      "properties": {
        "id": "HW-1348",
        "latitude": 20.86563,
        "longitude": 84.99503,
        "frp_mw": 1.41,
        "class_id": 2,
        "class_name": "Industrial Persistent",
        "color": "#3b82f6",
        "confidence": 100.0,
        "is_accidental": false,
        "elevation_m": 166.0,
        "tropomi_no2": 0.0001541202061997,
        "tropomi_so2": 0.0005358470779691,
        "timestamp": "2024-02-06"
      }
    },
    {
      "type": "Feature",
      "geometry": {
        "type": "Point",
        "coordinates": [
          80.31851,
          13.27488
        ]
      },
      "properties": {
        "id": "HW-1349",
        "latitude": 13.27488,
        "longitude": 80.31851,
        "frp_mw": 2.18,
        "class_id": 2,
        "class_name": "Industrial Persistent",
        "color": "#3b82f6",
        "confidence": 100.0,
        "is_accidental": false,
        "elevation_m": 1.0,
        "tropomi_no2": 8.348742807356906e-05,
        "tropomi_so2": 0.0001460108801972,
        "timestamp": "2024-05-04"
      }
    },
    {
      "type": "Feature",
      "geometry": {
        "type": "Point",
        "coordinates": [
          85.25986,
          20.78986
        ]
      },
      "properties": {
        "id": "HW-1350",
        "latitude": 20.78986,
        "longitude": 85.25986,
        "frp_mw": 2.57,
        "class_id": 2,
        "class_name": "Industrial Persistent",
        "color": "#3b82f6",
        "confidence": 100.0,
        "is_accidental": false,
        "elevation_m": 85.0,
        "tropomi_no2": 0.0001945068755857,
        "tropomi_so2": 0.000697211145744,
        "timestamp": "2024-06-17"
      }
    },
    {
      "type": "Feature",
      "geometry": {
        "type": "Point",
        "coordinates": [
          86.0092,
          20.96
        ]
      },
      "properties": {
        "id": "HW-1351",
        "latitude": 20.96,
        "longitude": 86.0092,
        "frp_mw": 36.8,
        "class_id": 4,
        "class_name": "Accidental Fire",
        "color": "#ef4444",
        "confidence": 91.6,
        "is_accidental": true,
        "elevation_m": 69.0,
        "tropomi_no2": 0.0001204969499804,
        "tropomi_so2": 0.0003539957287168,
        "timestamp": "2024-06-05"
      }
    },
    {
      "type": "Feature",
      "geometry": {
        "type": "Point",
        "coordinates": [
          79.66682,
          25.94427
        ]
      },
      "properties": {
        "id": "HW-1352",
        "latitude": 25.94427,
        "longitude": 79.66682,
        "frp_mw": 2.19,
        "class_id": 0,
        "class_name": "Wildfire",
        "color": "#10b981",
        "confidence": 100.0,
        "is_accidental": false,
        "elevation_m": 133.0,
        "tropomi_no2": 7.550246993541194e-05,
        "tropomi_so2": 0.0001314208658767,
        "timestamp": "2024-02-16"
      }
    },
    {
      "type": "Feature",
      "geometry": {
        "type": "Point",
        "coordinates": [
          85.25664,
          20.79423
        ]
      },
      "properties": {
        "id": "HW-1353",
        "latitude": 20.79423,
        "longitude": 85.25664,
        "frp_mw": 6.95,
        "class_id": 2,
        "class_name": "Industrial Persistent",
        "color": "#3b82f6",
        "confidence": 75.2,
        "is_accidental": false,
        "elevation_m": 96.0,
        "tropomi_no2": 0.0001945068755857,
        "tropomi_so2": 0.000697211145744,
        "timestamp": "2024-01-01"
      }
    },
    {
      "type": "Feature",
      "geometry": {
        "type": "Point",
        "coordinates": [
          84.994,
          20.8715
        ]
      },
      "properties": {
        "id": "HW-1354",
        "latitude": 20.8715,
        "longitude": 84.994,
        "frp_mw": 13.5,
        "class_id": 4,
        "class_name": "Accidental Fire",
        "color": "#ef4444",
        "confidence": 88.3,
        "is_accidental": true,
        "elevation_m": 173.0,
        "tropomi_no2": 0.0001541202061997,
        "tropomi_so2": 0.0005358470779691,
        "timestamp": "2024-10-13"
      }
    },
    {
      "type": "Feature",
      "geometry": {
        "type": "Point",
        "coordinates": [
          78.36559,
          18.60653
        ]
      },
      "properties": {
        "id": "HW-1355",
        "latitude": 18.60653,
        "longitude": 78.36559,
        "frp_mw": 6.12,
        "class_id": 1,
        "class_name": "Agricultural",
        "color": "#eab308",
        "confidence": 100.0,
        "is_accidental": false,
        "elevation_m": 393.0,
        "tropomi_no2": 6.787577803313691e-05,
        "tropomi_so2": 9.148842679172506e-05,
        "timestamp": "2024-05-19"
      }
    },
    {
      "type": "Feature",
      "geometry": {
        "type": "Point",
        "coordinates": [
          79.48002,
          26.64454
        ]
      },
      "properties": {
        "id": "HW-1356",
        "latitude": 26.64454,
        "longitude": 79.48002,
        "frp_mw": 2.46,
        "class_id": 2,
        "class_name": "Industrial Persistent",
        "color": "#3b82f6",
        "confidence": 100.0,
        "is_accidental": false,
        "elevation_m": 144.0,
        "tropomi_no2": 8.472876921021055e-05,
        "tropomi_so2": 0.0001168466438626,
        "timestamp": "2024-08-31"
      }
    },
    {
      "type": "Feature",
      "geometry": {
        "type": "Point",
        "coordinates": [
          86.91135,
          23.85733
        ]
      },
      "properties": {
        "id": "HW-1357",
        "latitude": 23.85733,
        "longitude": 86.91135,
        "frp_mw": 15.76,
        "class_id": 4,
        "class_name": "Accidental Fire",
        "color": "#ef4444",
        "confidence": 71.3,
        "is_accidental": true,
        "elevation_m": 159.0,
        "tropomi_no2": 0.0001020784158516,
        "tropomi_so2": 0.000206175485268,
        "timestamp": "2024-12-04"
      }
    },
    {
      "type": "Feature",
      "geometry": {
        "type": "Point",
        "coordinates": [
          87.24242,
          23.55247
        ]
      },
      "properties": {
        "id": "HW-1358",
        "latitude": 23.55247,
        "longitude": 87.24242,
        "frp_mw": 1.97,
        "class_id": 2,
        "class_name": "Industrial Persistent",
        "color": "#3b82f6",
        "confidence": 100.0,
        "is_accidental": false,
        "elevation_m": 85.0,
        "tropomi_no2": 0.0002077253505553,
        "tropomi_so2": 0.0003591989723347,
        "timestamp": "2024-04-23"
      }
    },
    {
      "type": "Feature",
      "geometry": {
        "type": "Point",
        "coordinates": [
          84.13835,
          20.03354
        ]
      },
      "properties": {
        "id": "HW-1359",
        "latitude": 20.03354,
        "longitude": 84.13835,
        "frp_mw": 2.62,
        "class_id": 1,
        "class_name": "Agricultural",
        "color": "#eab308",
        "confidence": 100.0,
        "is_accidental": false,
        "elevation_m": 982.0,
        "tropomi_no2": 5.901296203578076e-05,
        "tropomi_so2": 0.0001327061994516,
        "timestamp": "2024-04-19"
      }
    },
    {
      "type": "Feature",
      "geometry": {
        "type": "Point",
        "coordinates": [
          80.20933,
          17.77441
        ]
      },
      "properties": {
        "id": "HW-1360",
        "latitude": 17.77441,
        "longitude": 80.20933,
        "frp_mw": 1.14,
        "class_id": 0,
        "class_name": "Wildfire",
        "color": "#10b981",
        "confidence": 100.0,
        "is_accidental": false,
        "elevation_m": 296.0,
        "tropomi_no2": 6.501926906702166e-05,
        "tropomi_so2": 6.876227959578365e-05,
        "timestamp": "2024-04-07"
      }
    },
    {
      "type": "Feature",
      "geometry": {
        "type": "Point",
        "coordinates": [
          71.58484,
          26.53571
        ]
      },
      "properties": {
        "id": "HW-1361",
        "latitude": 26.53571,
        "longitude": 71.58484,
        "frp_mw": 7.18,
        "class_id": 2,
        "class_name": "Industrial Persistent",
        "color": "#3b82f6",
        "confidence": 99.0,
        "is_accidental": false,
        "elevation_m": 277.0,
        "tropomi_no2": 6.188762065680703e-05,
        "tropomi_so2": 6.536294096957784e-05,
        "timestamp": "2024-03-04"
      }
    },
    {
      "type": "Feature",
      "geometry": {
        "type": "Point",
        "coordinates": [
          84.85282,
          22.21332
        ]
      },
      "properties": {
        "id": "HW-1362",
        "latitude": 22.21332,
        "longitude": 84.85282,
        "frp_mw": 6.39,
        "class_id": 2,
        "class_name": "Industrial Persistent",
        "color": "#3b82f6",
        "confidence": 50.7,
        "is_accidental": false,
        "elevation_m": 209.0,
        "tropomi_no2": 0.0001408002994887,
        "tropomi_so2": 0.0004209862266789,
        "timestamp": "2024-08-20"
      }
    },
    {
      "type": "Feature",
      "geometry": {
        "type": "Point",
        "coordinates": [
          92.08566,
          23.9467
        ]
      },
      "properties": {
        "id": "HW-1363",
        "latitude": 23.9467,
        "longitude": 92.08566,
        "frp_mw": 7.88,
        "class_id": 0,
        "class_name": "Wildfire",
        "color": "#10b981",
        "confidence": 100.0,
        "is_accidental": false,
        "elevation_m": 141.0,
        "tropomi_no2": 6.2177699314949e-05,
        "tropomi_so2": 5.7334682798485006e-05,
        "timestamp": "2024-04-06"
      }
    },
    {
      "type": "Feature",
      "geometry": {
        "type": "Point",
        "coordinates": [
          78.4957,
          18.53878
        ]
      },
      "properties": {
        "id": "HW-1364",
        "latitude": 18.53878,
        "longitude": 78.4957,
        "frp_mw": 0.68,
        "class_id": 0,
        "class_name": "Wildfire",
        "color": "#10b981",
        "confidence": 100.0,
        "is_accidental": false,
        "elevation_m": 495.0,
        "tropomi_no2": 6.475264246076374e-05,
        "tropomi_so2": 0.0001178248797271,
        "timestamp": "2024-02-23"
      }
    },
    {
      "type": "Feature",
      "geometry": {
        "type": "Point",
        "coordinates": [
          73.99023,
          34.02087
        ]
      },
      "properties": {
        "id": "HW-1365",
        "latitude": 34.02087,
        "longitude": 73.99023,
        "frp_mw": 8.12,
        "class_id": 0,
        "class_name": "Wildfire",
        "color": "#10b981",
        "confidence": 100.0,
        "is_accidental": false,
        "elevation_m": 2306.0,
        "tropomi_no2": 6.038915950783502e-05,
        "tropomi_so2": 0.0003037920534034,
        "timestamp": "2024-01-16"
      }
    },
    {
      "type": "Feature",
      "geometry": {
        "type": "Point",
        "coordinates": [
          77.65468,
          28.47027
        ]
      },
      "properties": {
        "id": "HW-1366",
        "latitude": 28.47027,
        "longitude": 77.65468,
        "frp_mw": 0.7,
        "class_id": 2,
        "class_name": "Industrial Persistent",
        "color": "#3b82f6",
        "confidence": 100.0,
        "is_accidental": false,
        "elevation_m": 204.0,
        "tropomi_no2": 0.0001501667122444,
        "tropomi_so2": 0.0002470405287755,
        "timestamp": "2024-11-09"
      }
    },
    {
      "type": "Feature",
      "geometry": {
        "type": "Point",
        "coordinates": [
          95.08496,
          27.37944
        ]
      },
      "properties": {
        "id": "HW-1367",
        "latitude": 27.37944,
        "longitude": 95.08496,
        "frp_mw": 0.46,
        "class_id": 3,
        "class_name": "Gas Flare",
        "color": "#8b5cf6",
        "confidence": 100.0,
        "is_accidental": false,
        "elevation_m": 112.0,
        "tropomi_no2": 6.280089004844842e-05,
        "tropomi_so2": 0.0001656060707138,
        "timestamp": "2024-11-10"
      }
    },
    {
      "type": "Feature",
      "geometry": {
        "type": "Point",
        "coordinates": [
          77.91816,
          11.8165
        ]
      },
      "properties": {
        "id": "HW-1368",
        "latitude": 11.8165,
        "longitude": 77.91816,
        "frp_mw": 0.65,
        "class_id": 2,
        "class_name": "Industrial Persistent",
        "color": "#3b82f6",
        "confidence": 100.0,
        "is_accidental": false,
        "elevation_m": 363.0,
        "tropomi_no2": 6.910742266969216e-05,
        "tropomi_so2": 7.837837975277984e-05,
        "timestamp": "2024-09-23"
      }
    },
    {
      "type": "Feature",
      "geometry": {
        "type": "Point",
        "coordinates": [
          84.98423,
          20.88393
        ]
      },
      "properties": {
        "id": "HW-1369",
        "latitude": 20.88393,
        "longitude": 84.98423,
        "frp_mw": 6.69,
        "class_id": 4,
        "class_name": "Accidental Fire",
        "color": "#ef4444",
        "confidence": 73.1,
        "is_accidental": true,
        "elevation_m": 171.0,
        "tropomi_no2": 0.0001529256339238,
        "tropomi_so2": 0.0005609608248894,
        "timestamp": "2024-05-29"
      }
    },
    {
      "type": "Feature",
      "geometry": {
        "type": "Point",
        "coordinates": [
          86.28703,
          25.0583
        ]
      },
      "properties": {
        "id": "HW-1370",
        "latitude": 25.0583,
        "longitude": 86.28703,
        "frp_mw": 4.0,
        "class_id": 0,
        "class_name": "Wildfire",
        "color": "#10b981",
        "confidence": 100.0,
        "is_accidental": false,
        "elevation_m": 163.0,
        "tropomi_no2": 8.152005120201046e-05,
        "tropomi_so2": 0.0001670006139807,
        "timestamp": "2024-04-04"
      }
    },
    {
      "type": "Feature",
      "geometry": {
        "type": "Point",
        "coordinates": [
          71.83809,
          27.18042
        ]
      },
      "properties": {
        "id": "HW-1371",
        "latitude": 27.18042,
        "longitude": 71.83809,
        "frp_mw": 9.51,
        "class_id": 4,
        "class_name": "Accidental Fire",
        "color": "#ef4444",
        "confidence": 77.2,
        "is_accidental": true,
        "elevation_m": 240.0,
        "tropomi_no2": 6.238267827456667e-05,
        "tropomi_so2": 5.0446785470759945e-05,
        "timestamp": "2024-02-09"
      }
    },
    {
      "type": "Feature",
      "geometry": {
        "type": "Point",
        "coordinates": [
          77.35292,
          13.32148
        ]
      },
      "properties": {
        "id": "HW-1372",
        "latitude": 13.32148,
        "longitude": 77.35292,
        "frp_mw": 6.49,
        "class_id": 2,
        "class_name": "Industrial Persistent",
        "color": "#3b82f6",
        "confidence": 99.8,
        "is_accidental": false,
        "elevation_m": 885.0,
        "tropomi_no2": 6.0308515529053026e-05,
        "tropomi_so2": 1.7780151529236751e-06,
        "timestamp": "2024-03-05"
      }
    },
    {
      "type": "Feature",
      "geometry": {
        "type": "Point",
        "coordinates": [
          75.9361,
          21.0446
        ]
      },
      "properties": {
        "id": "HW-1373",
        "latitude": 21.0446,
        "longitude": 75.9361,
        "frp_mw": 30.0,
        "class_id": 2,
        "class_name": "Industrial Persistent",
        "color": "#3b82f6",
        "confidence": 93.2,
        "is_accidental": false,
        "elevation_m": 226.0,
        "tropomi_no2": 9.053143592138702e-05,
        "tropomi_so2": 0.0001912134966825,
        "timestamp": "2024-03-23"
      }
    },
    {
      "type": "Feature",
      "geometry": {
        "type": "Point",
        "coordinates": [
          73.70942,
          19.93661
        ]
      },
      "properties": {
        "id": "HW-1374",
        "latitude": 19.93661,
        "longitude": 73.70942,
        "frp_mw": 1.14,
        "class_id": 2,
        "class_name": "Industrial Persistent",
        "color": "#3b82f6",
        "confidence": 100.0,
        "is_accidental": false,
        "elevation_m": 687.0,
        "tropomi_no2": 8.115643205054175e-05,
        "tropomi_so2": 0.000162288800859,
        "timestamp": "2024-10-30"
      }
    },
    {
      "type": "Feature",
      "geometry": {
        "type": "Point",
        "coordinates": [
          75.66904,
          19.21437
        ]
      },
      "properties": {
        "id": "HW-1375",
        "latitude": 19.21437,
        "longitude": 75.66904,
        "frp_mw": 2.43,
        "class_id": 1,
        "class_name": "Agricultural",
        "color": "#eab308",
        "confidence": 100.0,
        "is_accidental": false,
        "elevation_m": 544.0,
        "tropomi_no2": 6.355488260615465e-05,
        "tropomi_so2": 0.0001137139639637,
        "timestamp": "2024-04-13"
      }
    },
    {
      "type": "Feature",
      "geometry": {
        "type": "Point",
        "coordinates": [
          86.0522,
          20.9532
        ]
      },
      "properties": {
        "id": "HW-1376",
        "latitude": 20.9532,
        "longitude": 86.0522,
        "frp_mw": 9.2,
        "class_id": 4,
        "class_name": "Accidental Fire",
        "color": "#ef4444",
        "confidence": 92.4,
        "is_accidental": true,
        "elevation_m": 54.0,
        "tropomi_no2": 0.0001230620637593,
        "tropomi_so2": 0.0003742244650192,
        "timestamp": "2024-12-27"
      }
    },
    {
      "type": "Feature",
      "geometry": {
        "type": "Point",
        "coordinates": [
          75.25351,
          23.11044
        ]
      },
      "properties": {
        "id": "HW-1377",
        "latitude": 23.11044,
        "longitude": 75.25351,
        "frp_mw": 2.69,
        "class_id": 1,
        "class_name": "Agricultural",
        "color": "#eab308",
        "confidence": 100.0,
        "is_accidental": false,
        "elevation_m": 514.0,
        "tropomi_no2": 6.699399289612841e-05,
        "tropomi_so2": 7.694055372996217e-05,
        "timestamp": "2024-10-29"
      }
    },
    {
      "type": "Feature",
      "geometry": {
        "type": "Point",
        "coordinates": [
          83.92,
          19.96
        ]
      },
      "properties": {
        "id": "HW-1378",
        "latitude": 19.96,
        "longitude": 83.92,
        "frp_mw": 7.71,
        "class_id": 0,
        "class_name": "Wildfire",
        "color": "#10b981",
        "confidence": 100.0,
        "is_accidental": false,
        "elevation_m": 905.0,
        "tropomi_no2": 5.915281311971913e-05,
        "tropomi_so2": 0.0001185210352986,
        "timestamp": "2024-04-19"
      }
    },
    {
      "type": "Feature",
      "geometry": {
        "type": "Point",
        "coordinates": [
          94.23685,
          25.76061
        ]
      },
      "properties": {
        "id": "HW-1379",
        "latitude": 25.76061,
        "longitude": 94.23685,
        "frp_mw": 5.34,
        "class_id": 1,
        "class_name": "Agricultural",
        "color": "#eab308",
        "confidence": 100.0,
        "is_accidental": false,
        "elevation_m": 940.0,
        "tropomi_no2": 5.612419410347609e-05,
        "tropomi_so2": 1.8774763020374897e-05,
        "timestamp": "2024-04-13"
      }
    },
    {
      "type": "Feature",
      "geometry": {
        "type": "Point",
        "coordinates": [
          79.03519,
          13.28081
        ]
      },
      "properties": {
        "id": "HW-1380",
        "latitude": 13.28081,
        "longitude": 79.03519,
        "frp_mw": 9.07,
        "class_id": 1,
        "class_name": "Agricultural",
        "color": "#eab308",
        "confidence": 100.0,
        "is_accidental": false,
        "elevation_m": 335.0,
        "tropomi_no2": 5.70275467211682e-05,
        "tropomi_so2": 5.334356332274223e-05,
        "timestamp": "2024-09-20"
      }
    },
    {
      "type": "Feature",
      "geometry": {
        "type": "Point",
        "coordinates": [
          70.04986,
          23.36705
        ]
      },
      "properties": {
        "id": "HW-1381",
        "latitude": 23.36705,
        "longitude": 70.04986,
        "frp_mw": 9.93,
        "class_id": 4,
        "class_name": "Accidental Fire",
        "color": "#ef4444",
        "confidence": 85.6,
        "is_accidental": true,
        "elevation_m": 11.0,
        "tropomi_no2": 6.102452020216321e-05,
        "tropomi_so2": 0.0001084378095489,
        "timestamp": "2024-12-02"
      }
    },
    {
      "type": "Feature",
      "geometry": {
        "type": "Point",
        "coordinates": [
          92.85755,
          25.53695
        ]
      },
      "properties": {
        "id": "HW-1382",
        "latitude": 25.53695,
        "longitude": 92.85755,
        "frp_mw": 4.84,
        "class_id": 0,
        "class_name": "Wildfire",
        "color": "#10b981",
        "confidence": 100.0,
        "is_accidental": false,
        "elevation_m": 175.0,
        "tropomi_no2": 6.220928200582286e-05,
        "tropomi_so2": 9.304020967899924e-05,
        "timestamp": "2024-04-08"
      }
    },
    {
      "type": "Feature",
      "geometry": {
        "type": "Point",
        "coordinates": [
          95.40398,
          27.60383
        ]
      },
      "properties": {
        "id": "HW-1383",
        "latitude": 27.60383,
        "longitude": 95.40398,
        "frp_mw": 1.25,
        "class_id": 3,
        "class_name": "Gas Flare",
        "color": "#8b5cf6",
        "confidence": 100.0,
        "is_accidental": false,
        "elevation_m": 122.0,
        "tropomi_no2": 6.049112900194418e-05,
        "tropomi_so2": 0.0001630041258304,
        "timestamp": "2024-05-12"
      }
    },
    {
      "type": "Feature",
      "geometry": {
        "type": "Point",
        "coordinates": [
          83.24132,
          21.98143
        ]
      },
      "properties": {
        "id": "HW-1384",
        "latitude": 21.98143,
        "longitude": 83.24132,
        "frp_mw": 12.79,
        "class_id": 4,
        "class_name": "Accidental Fire",
        "color": "#ef4444",
        "confidence": 91.7,
        "is_accidental": true,
        "elevation_m": 241.0,
        "tropomi_no2": 0.0002058494835855,
        "tropomi_so2": 0.000744055186333,
        "timestamp": "2024-05-06"
      }
    },
    {
      "type": "Feature",
      "geometry": {
        "type": "Point",
        "coordinates": [
          86.2545,
          25.06741
        ]
      },
      "properties": {
        "id": "HW-1385",
        "latitude": 25.06741,
        "longitude": 86.2545,
        "frp_mw": 2.28,
        "class_id": 0,
        "class_name": "Wildfire",
        "color": "#10b981",
        "confidence": 100.0,
        "is_accidental": false,
        "elevation_m": 421.0,
        "tropomi_no2": 8.109794233873412e-05,
        "tropomi_so2": 0.000159698516373,
        "timestamp": "2024-04-05"
      }
    },
    {
      "type": "Feature",
      "geometry": {
        "type": "Point",
        "coordinates": [
          95.08751,
          27.379
        ]
      },
      "properties": {
        "id": "HW-1386",
        "latitude": 27.379,
        "longitude": 95.08751,
        "frp_mw": 0.34,
        "class_id": 3,
        "class_name": "Gas Flare",
        "color": "#8b5cf6",
        "confidence": 100.0,
        "is_accidental": false,
        "elevation_m": 107.0,
        "tropomi_no2": 6.280089004844842e-05,
        "tropomi_so2": 0.0001656060707138,
        "timestamp": "2024-02-10"
      }
    },
    {
      "type": "Feature",
      "geometry": {
        "type": "Point",
        "coordinates": [
          95.8821,
          28.83663
        ]
      },
      "properties": {
        "id": "HW-1387",
        "latitude": 28.83663,
        "longitude": 95.8821,
        "frp_mw": 9.04,
        "class_id": 0,
        "class_name": "Wildfire",
        "color": "#10b981",
        "confidence": 100.0,
        "is_accidental": false,
        "elevation_m": 1938.0,
        "tropomi_no2": 4.8852491377905954e-05,
        "tropomi_so2": 2.5401129038604135e-06,
        "timestamp": "2024-01-07"
      }
    },
    {
      "type": "Feature",
      "geometry": {
        "type": "Point",
        "coordinates": [
          80.48976,
          16.06349
        ]
      },
      "properties": {
        "id": "HW-1388",
        "latitude": 16.06349,
        "longitude": 80.48976,
        "frp_mw": 3.42,
        "class_id": 1,
        "class_name": "Agricultural",
        "color": "#eab308",
        "confidence": 100.0,
        "is_accidental": false,
        "elevation_m": 7.0,
        "tropomi_no2": 6.0420614048499494e-05,
        "tropomi_so2": 8.43276632151632e-05,
        "timestamp": "2024-12-16"
      }
    },
    {
      "type": "Feature",
      "geometry": {
        "type": "Point",
        "coordinates": [
          76.62683,
          31.24901
        ]
      },
      "properties": {
        "id": "HW-1389",
        "latitude": 31.24901,
        "longitude": 76.62683,
        "frp_mw": 3.16,
        "class_id": 0,
        "class_name": "Wildfire",
        "color": "#10b981",
        "confidence": 100.0,
        "is_accidental": false,
        "elevation_m": 923.0,
        "tropomi_no2": 8.785370780094801e-05,
        "tropomi_so2": 0.0002149842835263,
        "timestamp": "2024-06-12"
      }
    },
    {
      "type": "Feature",
      "geometry": {
        "type": "Point",
        "coordinates": [
          95.47683,
          27.46369
        ]
      },
      "properties": {
        "id": "HW-1390",
        "latitude": 27.46369,
        "longitude": 95.47683,
        "frp_mw": 0.86,
        "class_id": 3,
        "class_name": "Gas Flare",
        "color": "#8b5cf6",
        "confidence": 100.0,
        "is_accidental": false,
        "elevation_m": 131.0,
        "tropomi_no2": 6.331676310163203e-05,
        "tropomi_so2": 0.000140503805622,
        "timestamp": "2024-12-01"
      }
    },
    {
      "type": "Feature",
      "geometry": {
        "type": "Point",
        "coordinates": [
          73.26107,
          28.25089
        ]
      },
      "properties": {
        "id": "HW-1391",
        "latitude": 28.25089,
        "longitude": 73.26107,
        "frp_mw": 7.87,
        "class_id": 4,
        "class_name": "Accidental Fire",
        "color": "#ef4444",
        "confidence": 71.8,
        "is_accidental": true,
        "elevation_m": 186.0,
        "tropomi_no2": 6.650286360498216e-05,
        "tropomi_so2": 9.411304819315206e-05,
        "timestamp": "2024-11-01"
      }
    },
    {
      "type": "Feature",
      "geometry": {
        "type": "Point",
        "coordinates": [
          85.257,
          20.7958
        ]
      },
      "properties": {
        "id": "HW-1392",
        "latitude": 20.7958,
        "longitude": 85.257,
        "frp_mw": 13.9,
        "class_id": 4,
        "class_name": "Accidental Fire",
        "color": "#ef4444",
        "confidence": 92.0,
        "is_accidental": true,
        "elevation_m": 93.0,
        "tropomi_no2": 0.0001945068755857,
        "tropomi_so2": 0.000697211145744,
        "timestamp": "2024-05-21"
      }
    },
    {
      "type": "Feature",
      "geometry": {
        "type": "Point",
        "coordinates": [
          79.62993,
          21.23315
        ]
      },
      "properties": {
        "id": "HW-1393",
        "latitude": 21.23315,
        "longitude": 79.62993,
        "frp_mw": 3.12,
        "class_id": 2,
        "class_name": "Industrial Persistent",
        "color": "#3b82f6",
        "confidence": 100.0,
        "is_accidental": false,
        "elevation_m": 269.0,
        "tropomi_no2": 8.994795297398949e-05,
        "tropomi_so2": 0.0003227370948189,
        "timestamp": "2024-03-24"
      }
    },
    {
      "type": "Feature",
      "geometry": {
        "type": "Point",
        "coordinates": [
          88.12476,
          22.05317
        ]
      },
      "properties": {
        "id": "HW-1394",
        "latitude": 22.05317,
        "longitude": 88.12476,
        "frp_mw": 1.13,
        "class_id": 2,
        "class_name": "Industrial Persistent",
        "color": "#3b82f6",
        "confidence": 100.0,
        "is_accidental": false,
        "elevation_m": 7.0,
        "tropomi_no2": 0.0001232266872302,
        "tropomi_so2": 0.0004171188100003,
        "timestamp": "2024-01-21"
      }
    },
    {
      "type": "Feature",
      "geometry": {
        "type": "Point",
        "coordinates": [
          85.2558,
          20.7887
        ]
      },
      "properties": {
        "id": "HW-1395",
        "latitude": 20.7887,
        "longitude": 85.2558,
        "frp_mw": 17.0,
        "class_id": 4,
        "class_name": "Accidental Fire",
        "color": "#ef4444",
        "confidence": 95.5,
        "is_accidental": true,
        "elevation_m": 84.0,
        "tropomi_no2": 0.0001945068755857,
        "tropomi_so2": 0.000697211145744,
        "timestamp": "2024-03-29"
      }
    },
    {
      "type": "Feature",
      "geometry": {
        "type": "Point",
        "coordinates": [
          72.64792,
          21.10418
        ]
      },
      "properties": {
        "id": "HW-1396",
        "latitude": 21.10418,
        "longitude": 72.64792,
        "frp_mw": 22.28,
        "class_id": 4,
        "class_name": "Accidental Fire",
        "color": "#ef4444",
        "confidence": 75.4,
        "is_accidental": true,
        "elevation_m": 9.0,
        "tropomi_no2": 0.0001151197807873,
        "tropomi_so2": 0.0001460897471915,
        "timestamp": "2024-02-15"
      }
    },
    {
      "type": "Feature",
      "geometry": {
        "type": "Point",
        "coordinates": [
          94.68888,
          26.79424
        ]
      },
      "properties": {
        "id": "HW-1397",
        "latitude": 26.79424,
        "longitude": 94.68888,
        "frp_mw": 0.9,
        "class_id": 3,
        "class_name": "Gas Flare",
        "color": "#8b5cf6",
        "confidence": 100.0,
        "is_accidental": false,
        "elevation_m": 110.0,
        "tropomi_no2": 6.449582014427615e-05,
        "tropomi_so2": 0.0001295353429416,
        "timestamp": "2024-10-20"
      }
    },
    {
      "type": "Feature",
      "geometry": {
        "type": "Point",
        "coordinates": [
          73.99173,
          15.52662
        ]
      },
      "properties": {
        "id": "HW-1398",
        "latitude": 15.52662,
        "longitude": 73.99173,
        "frp_mw": 0.83,
        "class_id": 2,
        "class_name": "Industrial Persistent",
        "color": "#3b82f6",
        "confidence": 100.0,
        "is_accidental": false,
        "elevation_m": 53.0,
        "tropomi_no2": 5.945100873138734e-05,
        "tropomi_so2": 4.706549168424997e-05,
        "timestamp": "2024-03-04"
      }
    },
    {
      "type": "Feature",
      "geometry": {
        "type": "Point",
        "coordinates": [
          83.37907,
          22.0237
        ]
      },
      "properties": {
        "id": "HW-1399",
        "latitude": 22.0237,
        "longitude": 83.37907,
        "frp_mw": 1.43,
        "class_id": 2,
        "class_name": "Industrial Persistent",
        "color": "#3b82f6",
        "confidence": 100.0,
        "is_accidental": false,
        "elevation_m": 270.0,
        "tropomi_no2": 0.000189511955006,
        "tropomi_so2": 0.0007290148372394,
        "timestamp": "2024-01-07"
      }
    },
    {
      "type": "Feature",
      "geometry": {
        "type": "Point",
        "coordinates": [
          70.08473,
          23.11535
        ]
      },
      "properties": {
        "id": "HW-1400",
        "latitude": 23.11535,
        "longitude": 70.08473,
        "frp_mw": 0.89,
        "class_id": 2,
        "class_name": "Industrial Persistent",
        "color": "#3b82f6",
        "confidence": 100.0,
        "is_accidental": false,
        "elevation_m": 33.0,
        "tropomi_no2": 8.232348521919047e-05,
        "tropomi_so2": 0.0001160366586916,
        "timestamp": "2024-12-14"
      }
    },
    {
      "type": "Feature",
      "geometry": {
        "type": "Point",
        "coordinates": [
          86.16383,
          23.73843
        ]
      },
      "properties": {
        "id": "HW-1401",
        "latitude": 23.73843,
        "longitude": 86.16383,
        "frp_mw": 10.73,
        "class_id": 2,
        "class_name": "Industrial Persistent",
        "color": "#3b82f6",
        "confidence": 85.1,
        "is_accidental": false,
        "elevation_m": 196.0,
        "tropomi_no2": 0.0001324207260367,
        "tropomi_so2": 0.0002882441370443,
        "timestamp": "2024-04-20"
      }
    },
    {
      "type": "Feature",
      "geometry": {
        "type": "Point",
        "coordinates": [
          73.1231,
          18.5578
        ]
      },
      "properties": {
        "id": "HW-1402",
        "latitude": 18.5578,
        "longitude": 73.1231,
        "frp_mw": 17.3,
        "class_id": 4,
        "class_name": "Accidental Fire",
        "color": "#ef4444",
        "confidence": 77.1,
        "is_accidental": true,
        "elevation_m": 6.0,
        "tropomi_no2": 9.732942632956112e-05,
        "tropomi_so2": 8.588041588197524e-05,
        "timestamp": "2024-05-23"
      }
    },
    {
      "type": "Feature",
      "geometry": {
        "type": "Point",
        "coordinates": [
          84.9823,
          20.8862
        ]
      },
      "properties": {
        "id": "HW-1403",
        "latitude": 20.8862,
        "longitude": 84.9823,
        "frp_mw": 9.0,
        "class_id": 2,
        "class_name": "Industrial Persistent",
        "color": "#3b82f6",
        "confidence": 55.0,
        "is_accidental": false,
        "elevation_m": 170.0,
        "tropomi_no2": 0.0001529256339238,
        "tropomi_so2": 0.0005609608248894,
        "timestamp": "2024-06-05"
      }
    },
    {
      "type": "Feature",
      "geometry": {
        "type": "Point",
        "coordinates": [
          72.63226,
          21.10464
        ]
      },
      "properties": {
        "id": "HW-1404",
        "latitude": 21.10464,
        "longitude": 72.63226,
        "frp_mw": 15.26,
        "class_id": 4,
        "class_name": "Accidental Fire",
        "color": "#ef4444",
        "confidence": 63.3,
        "is_accidental": true,
        "elevation_m": 7.0,
        "tropomi_no2": 0.0001151197807873,
        "tropomi_so2": 0.0001460897471915,
        "timestamp": "2024-11-15"
      }
    },
    {
      "type": "Feature",
      "geometry": {
        "type": "Point",
        "coordinates": [
          72.62627,
          21.10407
        ]
      },
      "properties": {
        "id": "HW-1405",
        "latitude": 21.10407,
        "longitude": 72.62627,
        "frp_mw": 8.12,
        "class_id": 4,
        "class_name": "Accidental Fire",
        "color": "#ef4444",
        "confidence": 72.3,
        "is_accidental": true,
        "elevation_m": 3.0,
        "tropomi_no2": 9.758970397132784e-05,
        "tropomi_so2": 0.0001859189141077,
        "timestamp": "2024-01-08"
      }
    },
    {
      "type": "Feature",
      "geometry": {
        "type": "Point",
        "coordinates": [
          94.69165,
          26.79478
        ]
      },
      "properties": {
        "id": "HW-1406",
        "latitude": 26.79478,
        "longitude": 94.69165,
        "frp_mw": 0.9,
        "class_id": 3,
        "class_name": "Gas Flare",
        "color": "#8b5cf6",
        "confidence": 100.0,
        "is_accidental": false,
        "elevation_m": 107.0,
        "tropomi_no2": 6.449582014427615e-05,
        "tropomi_so2": 0.0001295353429416,
        "timestamp": "2024-12-22"
      }
    },
    {
      "type": "Feature",
      "geometry": {
        "type": "Point",
        "coordinates": [
          94.89147,
          27.03275
        ]
      },
      "properties": {
        "id": "HW-1407",
        "latitude": 27.03275,
        "longitude": 94.89147,
        "frp_mw": 0.65,
        "class_id": 3,
        "class_name": "Gas Flare",
        "color": "#8b5cf6",
        "confidence": 100.0,
        "is_accidental": false,
        "elevation_m": 99.0,
        "tropomi_no2": 6.453534662821922e-05,
        "tropomi_so2": 0.000120183422465,
        "timestamp": "2024-03-02"
      }
    },
    {
      "type": "Feature",
      "geometry": {
        "type": "Point",
        "coordinates": [
          80.12817,
          14.27046
        ]
      },
      "properties": {
        "id": "HW-1408",
        "latitude": 14.27046,
        "longitude": 80.12817,
        "frp_mw": 8.11,
        "class_id": 2,
        "class_name": "Industrial Persistent",
        "color": "#3b82f6",
        "confidence": 95.2,
        "is_accidental": false,
        "elevation_m": 3.0,
        "tropomi_no2": 7.072395389023252e-05,
        "tropomi_so2": 0.0001455007029793,
        "timestamp": "2024-05-13"
      }
    },
    {
      "type": "Feature",
      "geometry": {
        "type": "Point",
        "coordinates": [
          78.4138,
          14.0094
        ]
      },
      "properties": {
        "id": "HW-1409",
        "latitude": 14.0094,
        "longitude": 78.4138,
        "frp_mw": 40.1,
        "class_id": 2,
        "class_name": "Industrial Persistent",
        "color": "#3b82f6",
        "confidence": 99.0,
        "is_accidental": false,
        "elevation_m": 454.0,
        "tropomi_no2": 5.6406586786152994e-05,
        "tropomi_so2": 4.379404200595168e-05,
        "timestamp": "2024-02-25"
      }
    },
    {
      "type": "Feature",
      "geometry": {
        "type": "Point",
        "coordinates": [
          75.25732,
          22.49051
        ]
      },
      "properties": {
        "id": "HW-1410",
        "latitude": 22.49051,
        "longitude": 75.25732,
        "frp_mw": 2.0,
        "class_id": 1,
        "class_name": "Agricultural",
        "color": "#eab308",
        "confidence": 100.0,
        "is_accidental": false,
        "elevation_m": 522.0,
        "tropomi_no2": 6.803457184390244e-05,
        "tropomi_so2": 8.337929653182643e-05,
        "timestamp": "2024-03-31"
      }
    },
    {
      "type": "Feature",
      "geometry": {
        "type": "Point",
        "coordinates": [
          74.47247,
          33.01623
        ]
      },
      "properties": {
        "id": "HW-1411",
        "latitude": 33.01623,
        "longitude": 74.47247,
        "frp_mw": 6.02,
        "class_id": 0,
        "class_name": "Wildfire",
        "color": "#10b981",
        "confidence": 100.0,
        "is_accidental": false,
        "elevation_m": 1016.0,
        "tropomi_no2": 7.171046806534705e-05,
        "tropomi_so2": 0.0003421635644421,
        "timestamp": "2024-05-29"
      }
    },
    {
      "type": "Feature",
      "geometry": {
        "type": "Point",
        "coordinates": [
          72.64154,
          21.104
        ]
      },
      "properties": {
        "id": "HW-1412",
        "latitude": 21.104,
        "longitude": 72.64154,
        "frp_mw": 14.44,
        "class_id": 2,
        "class_name": "Industrial Persistent",
        "color": "#3b82f6",
        "confidence": 73.1,
        "is_accidental": false,
        "elevation_m": 9.0,
        "tropomi_no2": 0.0001151197807873,
        "tropomi_so2": 0.0001460897471915,
        "timestamp": "2024-11-30"
      }
    },
    {
      "type": "Feature",
      "geometry": {
        "type": "Point",
        "coordinates": [
          72.6409,
          21.1014
        ]
      },
      "properties": {
        "id": "HW-1413",
        "latitude": 21.1014,
        "longitude": 72.6409,
        "frp_mw": 21.3,
        "class_id": 4,
        "class_name": "Accidental Fire",
        "color": "#ef4444",
        "confidence": 52.0,
        "is_accidental": true,
        "elevation_m": 12.0,
        "tropomi_no2": 0.0001151197807873,
        "tropomi_so2": 0.0001460897471915,
        "timestamp": "2024-10-07"
      }
    },
    {
      "type": "Feature",
      "geometry": {
        "type": "Point",
        "coordinates": [
          74.94603,
          30.09772
        ]
      },
      "properties": {
        "id": "HW-1414",
        "latitude": 30.09772,
        "longitude": 74.94603,
        "frp_mw": 3.3,
        "class_id": 1,
        "class_name": "Agricultural",
        "color": "#eab308",
        "confidence": 100.0,
        "is_accidental": false,
        "elevation_m": 205.0,
        "tropomi_no2": 9.531767352865326e-05,
        "tropomi_so2": 0.0001150876734334,
        "timestamp": "2024-11-11"
      }
    },
    {
      "type": "Feature",
      "geometry": {
        "type": "Point",
        "coordinates": [
          95.47587,
          27.45828
        ]
      },
      "properties": {
        "id": "HW-1415",
        "latitude": 27.45828,
        "longitude": 95.47587,
        "frp_mw": 0.76,
        "class_id": 3,
        "class_name": "Gas Flare",
        "color": "#8b5cf6",
        "confidence": 100.0,
        "is_accidental": false,
        "elevation_m": 131.0,
        "tropomi_no2": 6.331676310163203e-05,
        "tropomi_so2": 0.000140503805622,
        "timestamp": "2024-12-30"
      }
    },
    {
      "type": "Feature",
      "geometry": {
        "type": "Point",
        "coordinates": [
          72.63654,
          21.10421
        ]
      },
      "properties": {
        "id": "HW-1416",
        "latitude": 21.10421,
        "longitude": 72.63654,
        "frp_mw": 2.57,
        "class_id": 2,
        "class_name": "Industrial Persistent",
        "color": "#3b82f6",
        "confidence": 100.0,
        "is_accidental": false,
        "elevation_m": 4.0,
        "tropomi_no2": 0.0001151197807873,
        "tropomi_so2": 0.0001460897471915,
        "timestamp": "2024-04-11"
      }
    },
    {
      "type": "Feature",
      "geometry": {
        "type": "Point",
        "coordinates": [
          96.26,
          27.26
        ]
      },
      "properties": {
        "id": "HW-1417",
        "latitude": 27.26,
        "longitude": 96.26,
        "frp_mw": 6.97,
        "class_id": 1,
        "class_name": "Agricultural",
        "color": "#eab308",
        "confidence": 100.0,
        "is_accidental": false,
        "elevation_m": 917.0,
        "tropomi_no2": 5.3584120423780635e-05,
        "tropomi_so2": 0.0001430131827822,
        "timestamp": "2024-04-15"
      }
    },
    {
      "type": "Feature",
      "geometry": {
        "type": "Point",
        "coordinates": [
          73.26121,
          24.07624
        ]
      },
      "properties": {
        "id": "HW-1418",
        "latitude": 24.07624,
        "longitude": 73.26121,
        "frp_mw": 2.4,
        "class_id": 0,
        "class_name": "Wildfire",
        "color": "#10b981",
        "confidence": 100.0,
        "is_accidental": false,
        "elevation_m": 680.0,
        "tropomi_no2": 6.70338687483188e-05,
        "tropomi_so2": 0.0001186020005558,
        "timestamp": "2024-04-30"
      }
    },
    {
      "type": "Feature",
      "geometry": {
        "type": "Point",
        "coordinates": [
          69.71584,
          27.035
        ]
      },
      "properties": {
        "id": "HW-1419",
        "latitude": 27.035,
        "longitude": 69.71584,
        "frp_mw": 1.0,
        "class_id": 3,
        "class_name": "Gas Flare",
        "color": "#8b5cf6",
        "confidence": 100.0,
        "is_accidental": false,
        "elevation_m": 57.0,
        "tropomi_no2": 6.281851908372637e-05,
        "tropomi_so2": 8.17695904785246e-05,
        "timestamp": "2024-03-01"
      }
    },
    {
      "type": "Feature",
      "geometry": {
        "type": "Point",
        "coordinates": [
          75.25312,
          32.7554
        ]
      },
      "properties": {
        "id": "HW-1420",
        "latitude": 32.7554,
        "longitude": 75.25312,
        "frp_mw": 3.17,
        "class_id": 0,
        "class_name": "Wildfire",
        "color": "#10b981",
        "confidence": 100.0,
        "is_accidental": false,
        "elevation_m": 868.0,
        "tropomi_no2": 7.069185804497294e-05,
        "tropomi_so2": 0.0002328532633397,
        "timestamp": "2024-06-10"
      }
    },
    {
      "type": "Feature",
      "geometry": {
        "type": "Point",
        "coordinates": [
          83.351,
          21.9202
        ]
      },
      "properties": {
        "id": "HW-1421",
        "latitude": 21.9202,
        "longitude": 83.351,
        "frp_mw": 10.2,
        "class_id": 4,
        "class_name": "Accidental Fire",
        "color": "#ef4444",
        "confidence": 86.0,
        "is_accidental": true,
        "elevation_m": 239.0,
        "tropomi_no2": 0.0001921258447415,
        "tropomi_so2": 0.000715378609772,
        "timestamp": "2024-10-01"
      }
    },
    {
      "type": "Feature",
      "geometry": {
        "type": "Point",
        "coordinates": [
          76.65592,
          15.17622
        ]
      },
      "properties": {
        "id": "HW-1422",
        "latitude": 15.17622,
        "longitude": 76.65592,
        "frp_mw": 6.9,
        "class_id": 4,
        "class_name": "Accidental Fire",
        "color": "#ef4444",
        "confidence": 84.0,
        "is_accidental": true,
        "elevation_m": 494.0,
        "tropomi_no2": 0.0001483026758164,
        "tropomi_so2": 0.0002799090606206,
        "timestamp": "2024-09-20"
      }
    },
    {
      "type": "Feature",
      "geometry": {
        "type": "Point",
        "coordinates": [
          78.03493,
          10.07706
        ]
      },
      "properties": {
        "id": "HW-1423",
        "latitude": 10.07706,
        "longitude": 78.03493,
        "frp_mw": 0.53,
        "class_id": 0,
        "class_name": "Wildfire",
        "color": "#10b981",
        "confidence": 100.0,
        "is_accidental": false,
        "elevation_m": 323.0,
        "tropomi_no2": 5.130050498112377e-05,
        "tropomi_so2": 4.3371327785134466e-05,
        "timestamp": "2024-04-21"
      }
    },
    {
      "type": "Feature",
      "geometry": {
        "type": "Point",
        "coordinates": [
          76.99848,
          15.00545
        ]
      },
      "properties": {
        "id": "HW-1424",
        "latitude": 15.00545,
        "longitude": 76.99848,
        "frp_mw": 4.84,
        "class_id": 4,
        "class_name": "Accidental Fire",
        "color": "#ef4444",
        "confidence": 80.6,
        "is_accidental": true,
        "elevation_m": 442.0,
        "tropomi_no2": 6.540387006194253e-05,
        "tropomi_so2": 8.568032859685493e-05,
        "timestamp": "2024-10-30"
      }
    },
    {
      "type": "Feature",
      "geometry": {
        "type": "Point",
        "coordinates": [
          79.35538,
          30.16154
        ]
      },
      "properties": {
        "id": "HW-1425",
        "latitude": 30.16154,
        "longitude": 79.35538,
        "frp_mw": 2.21,
        "class_id": 0,
        "class_name": "Wildfire",
        "color": "#10b981",
        "confidence": 100.0,
        "is_accidental": false,
        "elevation_m": 1379.0,
        "tropomi_no2": 6.321437932302177e-05,
        "tropomi_so2": 9.729234926074849e-05,
        "timestamp": "2024-05-02"
      }
    },
    {
      "type": "Feature",
      "geometry": {
        "type": "Point",
        "coordinates": [
          73.98906,
          15.65763
        ]
      },
      "properties": {
        "id": "HW-1426",
        "latitude": 15.65763,
        "longitude": 73.98906,
        "frp_mw": 1.03,
        "class_id": 2,
        "class_name": "Industrial Persistent",
        "color": "#3b82f6",
        "confidence": 100.0,
        "is_accidental": false,
        "elevation_m": 95.0,
        "tropomi_no2": 5.803677793012025e-05,
        "tropomi_so2": 0.0001012712004521,
        "timestamp": "2024-08-30"
      }
    },
    {
      "type": "Feature",
      "geometry": {
        "type": "Point",
        "coordinates": [
          78.07165,
          26.1481
        ]
      },
      "properties": {
        "id": "HW-1427",
        "latitude": 26.1481,
        "longitude": 78.07165,
        "frp_mw": 17.08,
        "class_id": 0,
        "class_name": "Wildfire",
        "color": "#10b981",
        "confidence": 100.0,
        "is_accidental": false,
        "elevation_m": 313.0,
        "tropomi_no2": 7.460351525217715e-05,
        "tropomi_so2": 0.0001328393749493,
        "timestamp": "2024-04-30"
      }
    },
    {
      "type": "Feature",
      "geometry": {
        "type": "Point",
        "coordinates": [
          86.02717,
          21.00019
        ]
      },
      "properties": {
        "id": "HW-1428",
        "latitude": 21.00019,
        "longitude": 86.02717,
        "frp_mw": 4.35,
        "class_id": 2,
        "class_name": "Industrial Persistent",
        "color": "#3b82f6",
        "confidence": 100.0,
        "is_accidental": false,
        "elevation_m": 68.0,
        "tropomi_no2": 0.0001230620637593,
        "tropomi_so2": 0.0003742244650192,
        "timestamp": "2024-09-05"
      }
    },
    {
      "type": "Feature",
      "geometry": {
        "type": "Point",
        "coordinates": [
          87.30128,
          22.36349
        ]
      },
      "properties": {
        "id": "HW-1429",
        "latitude": 22.36349,
        "longitude": 87.30128,
        "frp_mw": 6.06,
        "class_id": 4,
        "class_name": "Accidental Fire",
        "color": "#ef4444",
        "confidence": 69.9,
        "is_accidental": true,
        "elevation_m": 32.0,
        "tropomi_no2": 0.0001170657652434,
        "tropomi_so2": 0.0003903009764129,
        "timestamp": "2024-02-20"
      }
    },
    {
      "type": "Feature",
      "geometry": {
        "type": "Point",
        "coordinates": [
          95.26527,
          27.32038
        ]
      },
      "properties": {
        "id": "HW-1430",
        "latitude": 27.32038,
        "longitude": 95.26527,
        "frp_mw": 0.82,
        "class_id": 3,
        "class_name": "Gas Flare",
        "color": "#8b5cf6",
        "confidence": 100.0,
        "is_accidental": false,
        "elevation_m": 120.0,
        "tropomi_no2": 6.314558410701683e-05,
        "tropomi_so2": 0.0001837750563417,
        "timestamp": "2024-01-15"
      }
    },
    {
      "type": "Feature",
      "geometry": {
        "type": "Point",
        "coordinates": [
          75.65244,
          12.21038
        ]
      },
      "properties": {
        "id": "HW-1431",
        "latitude": 12.21038,
        "longitude": 75.65244,
        "frp_mw": 8.93,
        "class_id": 0,
        "class_name": "Wildfire",
        "color": "#10b981",
        "confidence": 100.0,
        "is_accidental": false,
        "elevation_m": 1274.0,
        "tropomi_no2": 4.9326229293203695e-05,
        "tropomi_so2": 0.0001024494552402,
        "timestamp": "2024-03-10"
      }
    },
    {
      "type": "Feature",
      "geometry": {
        "type": "Point",
        "coordinates": [
          80.93781,
          15.9618
        ]
      },
      "properties": {
        "id": "HW-1432",
        "latitude": 15.9618,
        "longitude": 80.93781,
        "frp_mw": 0.82,
        "class_id": 3,
        "class_name": "Gas Flare",
        "color": "#8b5cf6",
        "confidence": 100.0,
        "is_accidental": false,
        "elevation_m": 7.0,
        "tropomi_no2": 5.4636574822598846e-05,
        "tropomi_so2": 2.0187545952117883e-05,
        "timestamp": "2024-03-09"
      }
    },
    {
      "type": "Feature",
      "geometry": {
        "type": "Point",
        "coordinates": [
          81.41389,
          21.19595
        ]
      },
      "properties": {
        "id": "HW-1433",
        "latitude": 21.19595,
        "longitude": 81.41389,
        "frp_mw": 7.58,
        "class_id": 4,
        "class_name": "Accidental Fire",
        "color": "#ef4444",
        "confidence": 55.9,
        "is_accidental": true,
        "elevation_m": 311.0,
        "tropomi_no2": 0.0001606189818789,
        "tropomi_so2": 0.0003939279397622,
        "timestamp": "2024-03-13"
      }
    },
    {
      "type": "Feature",
      "geometry": {
        "type": "Point",
        "coordinates": [
          82.94,
          19.64
        ]
      },
      "properties": {
        "id": "HW-1434",
        "latitude": 19.64,
        "longitude": 82.94,
        "frp_mw": 12.7,
        "class_id": 0,
        "class_name": "Wildfire",
        "color": "#10b981",
        "confidence": 100.0,
        "is_accidental": false,
        "elevation_m": 669.0,
        "tropomi_no2": 5.960025877904125e-05,
        "tropomi_so2": 0.0001321325633548,
        "timestamp": "2024-04-26"
      }
    },
    {
      "type": "Feature",
      "geometry": {
        "type": "Point",
        "coordinates": [
          95.47702,
          27.45978
        ]
      },
      "properties": {
        "id": "HW-1435",
        "latitude": 27.45978,
        "longitude": 95.47702,
        "frp_mw": 3.42,
        "class_id": 3,
        "class_name": "Gas Flare",
        "color": "#8b5cf6",
        "confidence": 100.0,
        "is_accidental": false,
        "elevation_m": 132.0,
        "tropomi_no2": 6.331676310163203e-05,
        "tropomi_so2": 0.000140503805622,
        "timestamp": "2024-02-07"
      }
    },
    {
      "type": "Feature",
      "geometry": {
        "type": "Point",
        "coordinates": [
          84.03478,
          21.67999
        ]
      },
      "properties": {
        "id": "HW-1436",
        "latitude": 21.67999,
        "longitude": 84.03478,
        "frp_mw": 2.52,
        "class_id": 2,
        "class_name": "Industrial Persistent",
        "color": "#3b82f6",
        "confidence": 100.0,
        "is_accidental": false,
        "elevation_m": 193.0,
        "tropomi_no2": 0.0001653205190764,
        "tropomi_so2": 0.0008184102990036,
        "timestamp": "2024-12-15"
      }
    },
    {
      "type": "Feature",
      "geometry": {
        "type": "Point",
        "coordinates": [
          86.01189,
          21.00101
        ]
      },
      "properties": {
        "id": "HW-1437",
        "latitude": 21.00101,
        "longitude": 86.01189,
        "frp_mw": 0.93,
        "class_id": 2,
        "class_name": "Industrial Persistent",
        "color": "#3b82f6",
        "confidence": 100.0,
        "is_accidental": false,
        "elevation_m": 65.0,
        "tropomi_no2": 0.0001204969499804,
        "tropomi_so2": 0.0003539957287168,
        "timestamp": "2024-11-11"
      }
    },
    {
      "type": "Feature",
      "geometry": {
        "type": "Point",
        "coordinates": [
          84.34895,
          19.11604
        ]
      },
      "properties": {
        "id": "HW-1438",
        "latitude": 19.11604,
        "longitude": 84.34895,
        "frp_mw": 2.49,
        "class_id": 0,
        "class_name": "Wildfire",
        "color": "#10b981",
        "confidence": 100.0,
        "is_accidental": false,
        "elevation_m": 621.0,
        "tropomi_no2": 5.698996959531253e-05,
        "tropomi_so2": 6.768681373658476e-05,
        "timestamp": "2024-04-20"
      }
    },
    {
      "type": "Feature",
      "geometry": {
        "type": "Point",
        "coordinates": [
          81.28376,
          16.36112
        ]
      },
      "properties": {
        "id": "HW-1439",
        "latitude": 16.36112,
        "longitude": 81.28376,
        "frp_mw": 0.49,
        "class_id": 3,
        "class_name": "Gas Flare",
        "color": "#8b5cf6",
        "confidence": 100.0,
        "is_accidental": false,
        "elevation_m": 5.0,
        "tropomi_no2": 6.057667193635707e-05,
        "tropomi_so2": 5.0290480237137974e-05,
        "timestamp": "2024-12-07"
      }
    },
    {
      "type": "Feature",
      "geometry": {
        "type": "Point",
        "coordinates": [
          81.88885,
          17.70822
        ]
      },
      "properties": {
        "id": "HW-1440",
        "latitude": 17.70822,
        "longitude": 81.88885,
        "frp_mw": 6.08,
        "class_id": 0,
        "class_name": "Wildfire",
        "color": "#10b981",
        "confidence": 100.0,
        "is_accidental": false,
        "elevation_m": 1069.0,
        "tropomi_no2": 5.6353912943047746e-05,
        "tropomi_so2": 1.828084341652054e-05,
        "timestamp": "2024-02-15"
      }
    },
    {
      "type": "Feature",
      "geometry": {
        "type": "Point",
        "coordinates": [
          93.95155,
          26.08776
        ]
      },
      "properties": {
        "id": "HW-1441",
        "latitude": 26.08776,
        "longitude": 93.95155,
        "frp_mw": 0.59,
        "class_id": 3,
        "class_name": "Gas Flare",
        "color": "#8b5cf6",
        "confidence": 100.0,
        "is_accidental": false,
        "elevation_m": 132.0,
        "tropomi_no2": 5.979254695970745e-05,
        "tropomi_so2": 7.22382315816426e-05,
        "timestamp": "2024-12-03"
      }
    },
    {
      "type": "Feature",
      "geometry": {
        "type": "Point",
        "coordinates": [
          86.01156,
          20.96552
        ]
      },
      "properties": {
        "id": "HW-1442",
        "latitude": 20.96552,
        "longitude": 86.01156,
        "frp_mw": 2.02,
        "class_id": 2,
        "class_name": "Industrial Persistent",
        "color": "#3b82f6",
        "confidence": 100.0,
        "is_accidental": false,
        "elevation_m": 61.0,
        "tropomi_no2": 0.0001204969499804,
        "tropomi_so2": 0.0003539957287168,
        "timestamp": "2024-12-18"
      }
    },
    {
      "type": "Feature",
      "geometry": {
        "type": "Point",
        "coordinates": [
          79.86149,
          23.31891
        ]
      },
      "properties": {
        "id": "HW-1443",
        "latitude": 23.31891,
        "longitude": 79.86149,
        "frp_mw": 4.38,
        "class_id": 1,
        "class_name": "Agricultural",
        "color": "#eab308",
        "confidence": 100.0,
        "is_accidental": false,
        "elevation_m": 375.0,
        "tropomi_no2": 7.10227223813934e-05,
        "tropomi_so2": 0.0001347911685635,
        "timestamp": "2024-11-09"
      }
    },
    {
      "type": "Feature",
      "geometry": {
        "type": "Point",
        "coordinates": [
          95.47711,
          27.46105
        ]
      },
      "properties": {
        "id": "HW-1444",
        "latitude": 27.46105,
        "longitude": 95.47711,
        "frp_mw": 1.42,
        "class_id": 3,
        "class_name": "Gas Flare",
        "color": "#8b5cf6",
        "confidence": 100.0,
        "is_accidental": false,
        "elevation_m": 128.0,
        "tropomi_no2": 6.331676310163203e-05,
        "tropomi_so2": 0.000140503805622,
        "timestamp": "2024-05-14"
      }
    },
    {
      "type": "Feature",
      "geometry": {
        "type": "Point",
        "coordinates": [
          86.0866,
          23.6754
        ]
      },
      "properties": {
        "id": "HW-1445",
        "latitude": 23.6754,
        "longitude": 86.0866,
        "frp_mw": 9.1,
        "class_id": 4,
        "class_name": "Accidental Fire",
        "color": "#ef4444",
        "confidence": 73.5,
        "is_accidental": true,
        "elevation_m": 237.0,
        "tropomi_no2": 0.0001514599406771,
        "tropomi_so2": 0.0002515379889729,
        "timestamp": "2024-11-26"
      }
    },
    {
      "type": "Feature",
      "geometry": {
        "type": "Point",
        "coordinates": [
          86.27424,
          23.85558
        ]
      },
      "properties": {
        "id": "HW-1446",
        "latitude": 23.85558,
        "longitude": 86.27424,
        "frp_mw": 6.41,
        "class_id": 1,
        "class_name": "Agricultural",
        "color": "#eab308",
        "confidence": 100.0,
        "is_accidental": false,
        "elevation_m": 239.0,
        "tropomi_no2": 9.711287474586372e-05,
        "tropomi_so2": 0.0001439960469882,
        "timestamp": "2024-04-20"
      }
    },
    {
      "type": "Feature",
      "geometry": {
        "type": "Point",
        "coordinates": [
          72.76553,
          22.13118
        ]
      },
      "properties": {
        "id": "HW-1447",
        "latitude": 22.13118,
        "longitude": 72.76553,
        "frp_mw": 0.33,
        "class_id": 3,
        "class_name": "Gas Flare",
        "color": "#8b5cf6",
        "confidence": 100.0,
        "is_accidental": false,
        "elevation_m": 15.0,
        "tropomi_no2": 7.750905657762863e-05,
        "tropomi_so2": 0.0001383120104204,
        "timestamp": "2024-02-06"
      }
    },
    {
      "type": "Feature",
      "geometry": {
        "type": "Point",
        "coordinates": [
          84.04144,
          21.67755
        ]
      },
      "properties": {
        "id": "HW-1448",
        "latitude": 21.67755,
        "longitude": 84.04144,
        "frp_mw": 7.82,
        "class_id": 4,
        "class_name": "Accidental Fire",
        "color": "#ef4444",
        "confidence": 79.6,
        "is_accidental": true,
        "elevation_m": 204.0,
        "tropomi_no2": 0.0001653205190764,
        "tropomi_so2": 0.0008184102990036,
        "timestamp": "2024-04-17"
      }
    },
    {
      "type": "Feature",
      "geometry": {
        "type": "Point",
        "coordinates": [
          95.42198,
          27.46832
        ]
      },
      "properties": {
        "id": "HW-1449",
        "latitude": 27.46832,
        "longitude": 95.42198,
        "frp_mw": 0.48,
        "class_id": 3,
        "class_name": "Gas Flare",
        "color": "#8b5cf6",
        "confidence": 100.0,
        "is_accidental": false,
        "elevation_m": 123.0,
        "tropomi_no2": 6.441483532367961e-05,
        "tropomi_so2": 0.0001239199094772,
        "timestamp": "2024-12-21"
      }
    },
    {
      "type": "Feature",
      "geometry": {
        "type": "Point",
        "coordinates": [
          84.02104,
          21.7618
        ]
      },
      "properties": {
        "id": "HW-1450",
        "latitude": 21.7618,
        "longitude": 84.02104,
        "frp_mw": 1.23,
        "class_id": 2,
        "class_name": "Industrial Persistent",
        "color": "#3b82f6",
        "confidence": 100.0,
        "is_accidental": false,
        "elevation_m": 217.0,
        "tropomi_no2": 0.0002647564691818,
        "tropomi_so2": 0.0012821766136909,
        "timestamp": "2024-04-20"
      }
    },
    {
      "type": "Feature",
      "geometry": {
        "type": "Point",
        "coordinates": [
          79.21743,
          13.78405
        ]
      },
      "properties": {
        "id": "HW-1451",
        "latitude": 13.78405,
        "longitude": 79.21743,
        "frp_mw": 7.55,
        "class_id": 0,
        "class_name": "Wildfire",
        "color": "#10b981",
        "confidence": 100.0,
        "is_accidental": false,
        "elevation_m": 988.0,
        "tropomi_no2": 5.477244833092365e-05,
        "tropomi_so2": 1.5992664009472486e-05,
        "timestamp": "2024-03-17"
      }
    },
    {
      "type": "Feature",
      "geometry": {
        "type": "Point",
        "coordinates": [
          94.68826,
          26.7973
        ]
      },
      "properties": {
        "id": "HW-1452",
        "latitude": 26.7973,
        "longitude": 94.68826,
        "frp_mw": 1.88,
        "class_id": 3,
        "class_name": "Gas Flare",
        "color": "#8b5cf6",
        "confidence": 100.0,
        "is_accidental": false,
        "elevation_m": 109.0,
        "tropomi_no2": 6.449582014427615e-05,
        "tropomi_so2": 0.0001295353429416,
        "timestamp": "2024-03-26"
      }
    },
    {
      "type": "Feature",
      "geometry": {
        "type": "Point",
        "coordinates": [
          78.39786,
          23.90108
        ]
      },
      "properties": {
        "id": "HW-1453",
        "latitude": 23.90108,
        "longitude": 78.39786,
        "frp_mw": 1.04,
        "class_id": 0,
        "class_name": "Wildfire",
        "color": "#10b981",
        "confidence": 100.0,
        "is_accidental": false,
        "elevation_m": 555.0,
        "tropomi_no2": 6.736220655288365e-05,
        "tropomi_so2": 5.6519953364797154e-05,
        "timestamp": "2024-04-03"
      }
    },
    {
      "type": "Feature",
      "geometry": {
        "type": "Point",
        "coordinates": [
          71.81065,
          26.83019
        ]
      },
      "properties": {
        "id": "HW-1454",
        "latitude": 26.83019,
        "longitude": 71.81065,
        "frp_mw": 8.99,
        "class_id": 4,
        "class_name": "Accidental Fire",
        "color": "#ef4444",
        "confidence": 72.0,
        "is_accidental": true,
        "elevation_m": 232.0,
        "tropomi_no2": 6.215971468681839e-05,
        "tropomi_so2": 2.3723609120665812e-05,
        "timestamp": "2024-01-16"
      }
    },
    {
      "type": "Feature",
      "geometry": {
        "type": "Point",
        "coordinates": [
          87.58873,
          23.71405
        ]
      },
      "properties": {
        "id": "HW-1455",
        "latitude": 23.71405,
        "longitude": 87.58873,
        "frp_mw": 4.24,
        "class_id": 1,
        "class_name": "Agricultural",
        "color": "#eab308",
        "confidence": 100.0,
        "is_accidental": false,
        "elevation_m": 52.0,
        "tropomi_no2": 0.0001163839713677,
        "tropomi_so2": 0.0002061146636886,
        "timestamp": "2024-12-15"
      }
    },
    {
      "type": "Feature",
      "geometry": {
        "type": "Point",
        "coordinates": [
          86.20241,
          22.79702
        ]
      },
      "properties": {
        "id": "HW-1456",
        "latitude": 22.79702,
        "longitude": 86.20241,
        "frp_mw": 13.32,
        "class_id": 4,
        "class_name": "Accidental Fire",
        "color": "#ef4444",
        "confidence": 96.8,
        "is_accidental": true,
        "elevation_m": 167.0,
        "tropomi_no2": 0.0001705727294489,
        "tropomi_so2": 0.0004460124234932,
        "timestamp": "2024-10-11"
      }
    },
    {
      "type": "Feature",
      "geometry": {
        "type": "Point",
        "coordinates": [
          79.64804,
          15.97654
        ]
      },
      "properties": {
        "id": "HW-1457",
        "latitude": 15.97654,
        "longitude": 79.64804,
        "frp_mw": 9.35,
        "class_id": 1,
        "class_name": "Agricultural",
        "color": "#eab308",
        "confidence": 100.0,
        "is_accidental": false,
        "elevation_m": 82.0,
        "tropomi_no2": 6.286580534333464e-05,
        "tropomi_so2": 6.489855849529782e-05,
        "timestamp": "2024-04-07"
      }
    },
    {
      "type": "Feature",
      "geometry": {
        "type": "Point",
        "coordinates": [
          86.00885,
          20.96392
        ]
      },
      "properties": {
        "id": "HW-1458",
        "latitude": 20.96392,
        "longitude": 86.00885,
        "frp_mw": 15.04,
        "class_id": 4,
        "class_name": "Accidental Fire",
        "color": "#ef4444",
        "confidence": 53.6,
        "is_accidental": true,
        "elevation_m": 71.0,
        "tropomi_no2": 0.0001204969499804,
        "tropomi_so2": 0.0003539957287168,
        "timestamp": "2024-02-21"
      }
    },
    {
      "type": "Feature",
      "geometry": {
        "type": "Point",
        "coordinates": [
          79.26585,
          21.2457
        ]
      },
      "properties": {
        "id": "HW-1459",
        "latitude": 21.2457,
        "longitude": 79.26585,
        "frp_mw": 15.88,
        "class_id": 1,
        "class_name": "Agricultural",
        "color": "#eab308",
        "confidence": 100.0,
        "is_accidental": false,
        "elevation_m": 282.0,
        "tropomi_no2": 0.0001094307490462,
        "tropomi_so2": 0.0003755265466204,
        "timestamp": "2024-04-20"
      }
    },
    {
      "type": "Feature",
      "geometry": {
        "type": "Point",
        "coordinates": [
          87.75522,
          23.34504
        ]
      },
      "properties": {
        "id": "HW-1460",
        "latitude": 23.34504,
        "longitude": 87.75522,
        "frp_mw": 4.47,
        "class_id": 1,
        "class_name": "Agricultural",
        "color": "#eab308",
        "confidence": 100.0,
        "is_accidental": false,
        "elevation_m": 39.0,
        "tropomi_no2": 0.0001008819602803,
        "tropomi_so2": 0.0002387075253107,
        "timestamp": "2024-01-11"
      }
    },
    {
      "type": "Feature",
      "geometry": {
        "type": "Point",
        "coordinates": [
          75.72625,
          32.3602
        ]
      },
      "properties": {
        "id": "HW-1461",
        "latitude": 32.3602,
        "longitude": 75.72625,
        "frp_mw": 3.86,
        "class_id": 0,
        "class_name": "Wildfire",
        "color": "#10b981",
        "confidence": 100.0,
        "is_accidental": false,
        "elevation_m": 578.0,
        "tropomi_no2": 7.616431009789753e-05,
        "tropomi_so2": 0.0001704796952617,
        "timestamp": "2024-06-16"
      }
    },
    {
      "type": "Feature",
      "geometry": {
        "type": "Point",
        "coordinates": [
          92.65607,
          22.77546
        ]
      },
      "properties": {
        "id": "HW-1462",
        "latitude": 22.77546,
        "longitude": 92.65607,
        "frp_mw": 67.87,
        "class_id": 0,
        "class_name": "Wildfire",
        "color": "#10b981",
        "confidence": 100.0,
        "is_accidental": false,
        "elevation_m": 154.0,
        "tropomi_no2": 5.803183913425872e-05,
        "tropomi_so2": 9.413647264959834e-05,
        "timestamp": "2024-03-16"
      }
    },
    {
      "type": "Feature",
      "geometry": {
        "type": "Point",
        "coordinates": [
          95.26719,
          27.31939
        ]
      },
      "properties": {
        "id": "HW-1463",
        "latitude": 27.31939,
        "longitude": 95.26719,
        "frp_mw": 0.38,
        "class_id": 3,
        "class_name": "Gas Flare",
        "color": "#8b5cf6",
        "confidence": 100.0,
        "is_accidental": false,
        "elevation_m": 119.0,
        "tropomi_no2": 6.714673233125557e-05,
        "tropomi_so2": 0.0001560516639259,
        "timestamp": "2024-01-17"
      }
    },
    {
      "type": "Feature",
      "geometry": {
        "type": "Point",
        "coordinates": [
          85.90647,
          22.5866
        ]
      },
      "properties": {
        "id": "HW-1464",
        "latitude": 22.5866,
        "longitude": 85.90647,
        "frp_mw": 0.77,
        "class_id": 2,
        "class_name": "Industrial Persistent",
        "color": "#3b82f6",
        "confidence": 100.0,
        "is_accidental": false,
        "elevation_m": 194.0,
        "tropomi_no2": 9.049518177329144e-05,
        "tropomi_so2": 0.0002779730048961,
        "timestamp": "2024-05-01"
      }
    },
    {
      "type": "Feature",
      "geometry": {
        "type": "Point",
        "coordinates": [
          73.23676,
          28.26301
        ]
      },
      "properties": {
        "id": "HW-1465",
        "latitude": 28.26301,
        "longitude": 73.23676,
        "frp_mw": 3.74,
        "class_id": 2,
        "class_name": "Industrial Persistent",
        "color": "#3b82f6",
        "confidence": 100.0,
        "is_accidental": false,
        "elevation_m": 187.0,
        "tropomi_no2": 6.602131303855048e-05,
        "tropomi_so2": 9.611833710316348e-05,
        "timestamp": "2024-10-12"
      }
    },
    {
      "type": "Feature",
      "geometry": {
        "type": "Point",
        "coordinates": [
          76.49731,
          13.66961
        ]
      },
      "properties": {
        "id": "HW-1466",
        "latitude": 13.66961,
        "longitude": 76.49731,
        "frp_mw": 4.58,
        "class_id": 0,
        "class_name": "Wildfire",
        "color": "#10b981",
        "confidence": 100.0,
        "is_accidental": false,
        "elevation_m": 778.0,
        "tropomi_no2": 5.428209187124931e-05,
        "tropomi_so2": -1.5439933967267246e-05,
        "timestamp": "2024-02-02"
      }
    },
    {
      "type": "Feature",
      "geometry": {
        "type": "Point",
        "coordinates": [
          72.35407,
          23.41714
        ]
      },
      "properties": {
        "id": "HW-1467",
        "latitude": 23.41714,
        "longitude": 72.35407,
        "frp_mw": 0.47,
        "class_id": 3,
        "class_name": "Gas Flare",
        "color": "#8b5cf6",
        "confidence": 100.0,
        "is_accidental": false,
        "elevation_m": 80.0,
        "tropomi_no2": 7.891950613279839e-05,
        "tropomi_so2": 9.419199812680388e-05,
        "timestamp": "2024-10-08"
      }
    },
    {
      "type": "Feature",
      "geometry": {
        "type": "Point",
        "coordinates": [
          83.23492,
          21.98456
        ]
      },
      "properties": {
        "id": "HW-1468",
        "latitude": 21.98456,
        "longitude": 83.23492,
        "frp_mw": 7.56,
        "class_id": 4,
        "class_name": "Accidental Fire",
        "color": "#ef4444",
        "confidence": 63.3,
        "is_accidental": true,
        "elevation_m": 238.0,
        "tropomi_no2": 0.0002058494835855,
        "tropomi_so2": 0.000744055186333,
        "timestamp": "2024-04-21"
      }
    },
    {
      "type": "Feature",
      "geometry": {
        "type": "Point",
        "coordinates": [
          77.60584,
          22.65539
        ]
      },
      "properties": {
        "id": "HW-1469",
        "latitude": 22.65539,
        "longitude": 77.60584,
        "frp_mw": 2.51,
        "class_id": 1,
        "class_name": "Agricultural",
        "color": "#eab308",
        "confidence": 100.0,
        "is_accidental": false,
        "elevation_m": 302.0,
        "tropomi_no2": 6.718518785609636e-05,
        "tropomi_so2": 0.0001086871176524,
        "timestamp": "2024-03-29"
      }
    },
    {
      "type": "Feature",
      "geometry": {
        "type": "Point",
        "coordinates": [
          73.09325,
          24.82277
        ]
      },
      "properties": {
        "id": "HW-1470",
        "latitude": 24.82277,
        "longitude": 73.09325,
        "frp_mw": 0.79,
        "class_id": 2,
        "class_name": "Industrial Persistent",
        "color": "#3b82f6",
        "confidence": 100.0,
        "is_accidental": false,
        "elevation_m": 416.0,
        "tropomi_no2": 8.9628136969991e-05,
        "tropomi_so2": 0.0001230526362142,
        "timestamp": "2024-12-13"
      }
    },
    {
      "type": "Feature",
      "geometry": {
        "type": "Point",
        "coordinates": [
          82.16847,
          19.10059
        ]
      },
      "properties": {
        "id": "HW-1471",
        "latitude": 19.10059,
        "longitude": 82.16847,
        "frp_mw": 5.56,
        "class_id": 4,
        "class_name": "Accidental Fire",
        "color": "#ef4444",
        "confidence": 75.1,
        "is_accidental": true,
        "elevation_m": 561.0,
        "tropomi_no2": 6.851035228328796e-05,
        "tropomi_so2": 0.0001114739480653,
        "timestamp": "2024-03-13"
      }
    },
    {
      "type": "Feature",
      "geometry": {
        "type": "Point",
        "coordinates": [
          86.33392,
          23.78562
        ]
      },
      "properties": {
        "id": "HW-1472",
        "latitude": 23.78562,
        "longitude": 86.33392,
        "frp_mw": 3.25,
        "class_id": 1,
        "class_name": "Agricultural",
        "color": "#eab308",
        "confidence": 100.0,
        "is_accidental": false,
        "elevation_m": 203.0,
        "tropomi_no2": 0.0001069939423079,
        "tropomi_so2": 0.0001873964696633,
        "timestamp": "2024-03-26"
      }
    },
    {
      "type": "Feature",
      "geometry": {
        "type": "Point",
        "coordinates": [
          94.68847,
          26.79543
        ]
      },
      "properties": {
        "id": "HW-1473",
        "latitude": 26.79543,
        "longitude": 94.68847,
        "frp_mw": 0.48,
        "class_id": 3,
        "class_name": "Gas Flare",
        "color": "#8b5cf6",
        "confidence": 100.0,
        "is_accidental": false,
        "elevation_m": 109.0,
        "tropomi_no2": 6.449582014427615e-05,
        "tropomi_so2": 0.0001295353429416,
        "timestamp": "2024-11-12"
      }
    },
    {
      "type": "Feature",
      "geometry": {
        "type": "Point",
        "coordinates": [
          87.27909,
          22.37958
        ]
      },
      "properties": {
        "id": "HW-1474",
        "latitude": 22.37958,
        "longitude": 87.27909,
        "frp_mw": 1.67,
        "class_id": 2,
        "class_name": "Industrial Persistent",
        "color": "#3b82f6",
        "confidence": 100.0,
        "is_accidental": false,
        "elevation_m": 35.0,
        "tropomi_no2": 0.0001086723268835,
        "tropomi_so2": 0.0003357824361622,
        "timestamp": "2024-02-25"
      }
    },
    {
      "type": "Feature",
      "geometry": {
        "type": "Point",
        "coordinates": [
          71.85402,
          27.18533
        ]
      },
      "properties": {
        "id": "HW-1475",
        "latitude": 27.18533,
        "longitude": 71.85402,
        "frp_mw": 11.79,
        "class_id": 4,
        "class_name": "Accidental Fire",
        "color": "#ef4444",
        "confidence": 85.0,
        "is_accidental": true,
        "elevation_m": 245.0,
        "tropomi_no2": 6.238267827456667e-05,
        "tropomi_so2": 5.0446785470759945e-05,
        "timestamp": "2024-02-17"
      }
    },
    {
      "type": "Feature",
      "geometry": {
        "type": "Point",
        "coordinates": [
          95.47684,
          27.45868
        ]
      },
      "properties": {
        "id": "HW-1476",
        "latitude": 27.45868,
        "longitude": 95.47684,
        "frp_mw": 0.46,
        "class_id": 3,
        "class_name": "Gas Flare",
        "color": "#8b5cf6",
        "confidence": 100.0,
        "is_accidental": false,
        "elevation_m": 129.0,
        "tropomi_no2": 6.331676310163203e-05,
        "tropomi_so2": 0.000140503805622,
        "timestamp": "2024-03-14"
      }
    },
    {
      "type": "Feature",
      "geometry": {
        "type": "Point",
        "coordinates": [
          87.12174,
          23.68614
        ]
      },
      "properties": {
        "id": "HW-1477",
        "latitude": 23.68614,
        "longitude": 87.12174,
        "frp_mw": 3.21,
        "class_id": 2,
        "class_name": "Industrial Persistent",
        "color": "#3b82f6",
        "confidence": 100.0,
        "is_accidental": false,
        "elevation_m": 102.0,
        "tropomi_no2": 0.000154210153,
        "tropomi_so2": 0.0003117340541852,
        "timestamp": "2024-11-22"
      }
    },
    {
      "type": "Feature",
      "geometry": {
        "type": "Point",
        "coordinates": [
          69.87823,
          22.34678
        ]
      },
      "properties": {
        "id": "HW-1478",
        "latitude": 22.34678,
        "longitude": 69.87823,
        "frp_mw": 16.68,
        "class_id": 3,
        "class_name": "Gas Flare",
        "color": "#8b5cf6",
        "confidence": 99.7,
        "is_accidental": false,
        "elevation_m": 44.0,
        "tropomi_no2": 0.0001168066544054,
        "tropomi_so2": 0.0001894671177504,
        "timestamp": "2024-05-21"
      }
    },
    {
      "type": "Feature",
      "geometry": {
        "type": "Point",
        "coordinates": [
          76.23562,
          31.01292
        ]
      },
      "properties": {
        "id": "HW-1479",
        "latitude": 31.01292,
        "longitude": 76.23562,
        "frp_mw": 5.62,
        "class_id": 1,
        "class_name": "Agricultural",
        "color": "#eab308",
        "confidence": 100.0,
        "is_accidental": false,
        "elevation_m": 254.0,
        "tropomi_no2": 8.968783506280354e-05,
        "tropomi_so2": 0.0001580938142535,
        "timestamp": "2024-05-17"
      }
    },
    {
      "type": "Feature",
      "geometry": {
        "type": "Point",
        "coordinates": [
          79.71267,
          15.98253
        ]
      },
      "properties": {
        "id": "HW-1480",
        "latitude": 15.98253,
        "longitude": 79.71267,
        "frp_mw": 3.29,
        "class_id": 1,
        "class_name": "Agricultural",
        "color": "#eab308",
        "confidence": 100.0,
        "is_accidental": false,
        "elevation_m": 92.0,
        "tropomi_no2": 6.292047939263778e-05,
        "tropomi_so2": 4.4797149080451514e-05,
        "timestamp": "2024-06-24"
      }
    },
    {
      "type": "Feature",
      "geometry": {
        "type": "Point",
        "coordinates": [
          75.56863,
          29.96765
        ]
      },
      "properties": {
        "id": "HW-1481",
        "latitude": 29.96765,
        "longitude": 75.56863,
        "frp_mw": 7.62,
        "class_id": 1,
        "class_name": "Agricultural",
        "color": "#eab308",
        "confidence": 100.0,
        "is_accidental": false,
        "elevation_m": 226.0,
        "tropomi_no2": 9.321685444126545e-05,
        "tropomi_so2": 0.0001289281651543,
        "timestamp": "2024-05-13"
      }
    },
    {
      "type": "Feature",
      "geometry": {
        "type": "Point",
        "coordinates": [
          95.4763,
          27.45988
        ]
      },
      "properties": {
        "id": "HW-1482",
        "latitude": 27.45988,
        "longitude": 95.4763,
        "frp_mw": 0.75,
        "class_id": 3,
        "class_name": "Gas Flare",
        "color": "#8b5cf6",
        "confidence": 100.0,
        "is_accidental": false,
        "elevation_m": 131.0,
        "tropomi_no2": 6.331676310163203e-05,
        "tropomi_so2": 0.000140503805622,
        "timestamp": "2024-12-08"
      }
    },
    {
      "type": "Feature",
      "geometry": {
        "type": "Point",
        "coordinates": [
          92.13724,
          25.8864
        ]
      },
      "properties": {
        "id": "HW-1483",
        "latitude": 25.8864,
        "longitude": 92.13724,
        "frp_mw": 9.67,
        "class_id": 0,
        "class_name": "Wildfire",
        "color": "#10b981",
        "confidence": 100.0,
        "is_accidental": false,
        "elevation_m": 862.0,
        "tropomi_no2": 6.446254666110002e-05,
        "tropomi_so2": 5.650421937320917e-05,
        "timestamp": "2024-04-03"
      }
    },
    {
      "type": "Feature",
      "geometry": {
        "type": "Point",
        "coordinates": [
          95.3267,
          27.32862
        ]
      },
      "properties": {
        "id": "HW-1484",
        "latitude": 27.32862,
        "longitude": 95.3267,
        "frp_mw": 0.36,
        "class_id": 3,
        "class_name": "Gas Flare",
        "color": "#8b5cf6",
        "confidence": 100.0,
        "is_accidental": false,
        "elevation_m": 117.0,
        "tropomi_no2": 6.714673233125557e-05,
        "tropomi_so2": 0.0001560516639259,
        "timestamp": "2024-12-02"
      }
    },
    {
      "type": "Feature",
      "geometry": {
        "type": "Point",
        "coordinates": [
          81.8515,
          17.60153
        ]
      },
      "properties": {
        "id": "HW-1485",
        "latitude": 17.60153,
        "longitude": 81.8515,
        "frp_mw": 8.86,
        "class_id": 0,
        "class_name": "Wildfire",
        "color": "#10b981",
        "confidence": 100.0,
        "is_accidental": false,
        "elevation_m": 911.0,
        "tropomi_no2": 5.6691728685212325e-05,
        "tropomi_so2": 7.044654849690494e-05,
        "timestamp": "2024-04-01"
      }
    },
    {
      "type": "Feature",
      "geometry": {
        "type": "Point",
        "coordinates": [
          84.9935,
          20.8668
        ]
      },
      "properties": {
        "id": "HW-1486",
        "latitude": 20.8668,
        "longitude": 84.9935,
        "frp_mw": 5.3,
        "class_id": 4,
        "class_name": "Accidental Fire",
        "color": "#ef4444",
        "confidence": 72.2,
        "is_accidental": true,
        "elevation_m": 171.0,
        "tropomi_no2": 0.0001541202061997,
        "tropomi_so2": 0.0005358470779691,
        "timestamp": "2024-01-08"
      }
    },
    {
      "type": "Feature",
      "geometry": {
        "type": "Point",
        "coordinates": [
          95.42287,
          27.47041
        ]
      },
      "properties": {
        "id": "HW-1487",
        "latitude": 27.47041,
        "longitude": 95.42287,
        "frp_mw": 1.52,
        "class_id": 3,
        "class_name": "Gas Flare",
        "color": "#8b5cf6",
        "confidence": 100.0,
        "is_accidental": false,
        "elevation_m": 124.0,
        "tropomi_no2": 6.441483532367961e-05,
        "tropomi_so2": 0.0001239199094772,
        "timestamp": "2024-09-16"
      }
    },
    {
      "type": "Feature",
      "geometry": {
        "type": "Point",
        "coordinates": [
          84.02309,
          21.75711
        ]
      },
      "properties": {
        "id": "HW-1488",
        "latitude": 21.75711,
        "longitude": 84.02309,
        "frp_mw": 4.04,
        "class_id": 2,
        "class_name": "Industrial Persistent",
        "color": "#3b82f6",
        "confidence": 100.0,
        "is_accidental": false,
        "elevation_m": 219.0,
        "tropomi_no2": 0.0002405626313249,
        "tropomi_so2": 0.001149212149226,
        "timestamp": "2024-10-30"
      }
    },
    {
      "type": "Feature",
      "geometry": {
        "type": "Point",
        "coordinates": [
          72.20243,
          27.36908
        ]
      },
      "properties": {
        "id": "HW-1489",
        "latitude": 27.36908,
        "longitude": 72.20243,
        "frp_mw": 75.9,
        "class_id": 4,
        "class_name": "Accidental Fire",
        "color": "#ef4444",
        "confidence": 89.5,
        "is_accidental": true,
        "elevation_m": 220.0,
        "tropomi_no2": 6.316991941118178e-05,
        "tropomi_so2": 6.32878634092762e-05,
        "timestamp": "2024-11-02"
      }
    },
    {
      "type": "Feature",
      "geometry": {
        "type": "Point",
        "coordinates": [
          74.98698,
          31.38076
        ]
      },
      "properties": {
        "id": "HW-1490",
        "latitude": 31.38076,
        "longitude": 74.98698,
        "frp_mw": 3.76,
        "class_id": 1,
        "class_name": "Agricultural",
        "color": "#eab308",
        "confidence": 100.0,
        "is_accidental": false,
        "elevation_m": 225.0,
        "tropomi_no2": 9.614507806213844e-05,
        "tropomi_so2": 0.0001972571340973,
        "timestamp": "2024-10-13"
      }
    },
    {
      "type": "Feature",
      "geometry": {
        "type": "Point",
        "coordinates": [
          83.3573,
          21.921
        ]
      },
      "properties": {
        "id": "HW-1491",
        "latitude": 21.921,
        "longitude": 83.3573,
        "frp_mw": 9.5,
        "class_id": 4,
        "class_name": "Accidental Fire",
        "color": "#ef4444",
        "confidence": 82.9,
        "is_accidental": true,
        "elevation_m": 237.0,
        "tropomi_no2": 0.0001921258447415,
        "tropomi_so2": 0.000715378609772,
        "timestamp": "2024-11-18"
      }
    },
    {
      "type": "Feature",
      "geometry": {
        "type": "Point",
        "coordinates": [
          81.72762,
          17.67925
        ]
      },
      "properties": {
        "id": "HW-1492",
        "latitude": 17.67925,
        "longitude": 81.72762,
        "frp_mw": 7.38,
        "class_id": 0,
        "class_name": "Wildfire",
        "color": "#10b981",
        "confidence": 100.0,
        "is_accidental": false,
        "elevation_m": 530.0,
        "tropomi_no2": 5.789948849394246e-05,
        "tropomi_so2": 4.201446599890665e-05,
        "timestamp": "2024-04-09"
      }
    },
    {
      "type": "Feature",
      "geometry": {
        "type": "Point",
        "coordinates": [
          76.99946,
          31.21043
        ]
      },
      "properties": {
        "id": "HW-1493",
        "latitude": 31.21043,
        "longitude": 76.99946,
        "frp_mw": 77.59,
        "class_id": 1,
        "class_name": "Agricultural",
        "color": "#eab308",
        "confidence": 100.0,
        "is_accidental": false,
        "elevation_m": 1075.0,
        "tropomi_no2": 0.0001035172078774,
        "tropomi_so2": 0.0002285256469714,
        "timestamp": "2024-05-27"
      }
    },
    {
      "type": "Feature",
      "geometry": {
        "type": "Point",
        "coordinates": [
          73.59908,
          19.56269
        ]
      },
      "properties": {
        "id": "HW-1494",
        "latitude": 19.56269,
        "longitude": 73.59908,
        "frp_mw": 4.22,
        "class_id": 0,
        "class_name": "Wildfire",
        "color": "#10b981",
        "confidence": 100.0,
        "is_accidental": false,
        "elevation_m": 339.0,
        "tropomi_no2": 6.685416475601502e-05,
        "tropomi_so2": 0.0001272032307375,
        "timestamp": "2024-03-05"
      }
    },
    {
      "type": "Feature",
      "geometry": {
        "type": "Point",
        "coordinates": [
          76.99366,
          25.2164
        ]
      },
      "properties": {
        "id": "HW-1495",
        "latitude": 25.2164,
        "longitude": 76.99366,
        "frp_mw": 4.78,
        "class_id": 1,
        "class_name": "Agricultural",
        "color": "#eab308",
        "confidence": 100.0,
        "is_accidental": false,
        "elevation_m": 408.0,
        "tropomi_no2": 6.86993669305409e-05,
        "tropomi_so2": 0.0001151575294708,
        "timestamp": "2024-10-29"
      }
    },
    {
      "type": "Feature",
      "geometry": {
        "type": "Point",
        "coordinates": [
          83.52505,
          22.10794
        ]
      },
      "properties": {
        "id": "HW-1496",
        "latitude": 22.10794,
        "longitude": 83.52505,
        "frp_mw": 2.82,
        "class_id": 2,
        "class_name": "Industrial Persistent",
        "color": "#3b82f6",
        "confidence": 100.0,
        "is_accidental": false,
        "elevation_m": 290.0,
        "tropomi_no2": 0.0002064237008474,
        "tropomi_so2": 0.0008113956878794,
        "timestamp": "2024-12-23"
      }
    },
    {
      "type": "Feature",
      "geometry": {
        "type": "Point",
        "coordinates": [
          95.08833,
          27.37833
        ]
      },
      "properties": {
        "id": "HW-1497",
        "latitude": 27.37833,
        "longitude": 95.08833,
        "frp_mw": 0.59,
        "class_id": 3,
        "class_name": "Gas Flare",
        "color": "#8b5cf6",
        "confidence": 100.0,
        "is_accidental": false,
        "elevation_m": 108.0,
        "tropomi_no2": 6.280089004844842e-05,
        "tropomi_so2": 0.0001656060707138,
        "timestamp": "2024-11-30"
      }
    },
    {
      "type": "Feature",
      "geometry": {
        "type": "Point",
        "coordinates": [
          72.64922,
          21.104
        ]
      },
      "properties": {
        "id": "HW-1498",
        "latitude": 21.104,
        "longitude": 72.64922,
        "frp_mw": 26.12,
        "class_id": 4,
        "class_name": "Accidental Fire",
        "color": "#ef4444",
        "confidence": 88.8,
        "is_accidental": true,
        "elevation_m": 11.0,
        "tropomi_no2": 0.0001151197807873,
        "tropomi_so2": 0.0001460897471915,
        "timestamp": "2024-05-25"
      }
    },
    {
      "type": "Feature",
      "geometry": {
        "type": "Point",
        "coordinates": [
          93.03457,
          24.18137
        ]
      },
      "properties": {
        "id": "HW-1499",
        "latitude": 24.18137,
        "longitude": 93.03457,
        "frp_mw": 3.68,
        "class_id": 1,
        "class_name": "Agricultural",
        "color": "#eab308",
        "confidence": 100.0,
        "is_accidental": false,
        "elevation_m": 573.0,
        "tropomi_no2": 5.968850430451421e-05,
        "tropomi_so2": 5.0484098247394994e-05,
        "timestamp": "2024-03-06"
      }
    }
  ]
}